
Cold	O
as	O
ice	substance
:	O
Wikinews	organization
interviews	O
Marymegan	person
Daly	person
on	O
unusual	animal
new	animal
sea	animal
anemone	animal

Tuesday	time
,	time
January	time
21	time
,	time
2014	time

How	O
did	O
you	person
come	O
to	O
be	O
involved	O
with	O
this	animal
discovery	animal

Frank	person
Rack	person
got	O
in	O
touch	O
after	O
they	person
returned	O
from	O
Antarctica	place
in	O
hopes	O
that	O
I	person
could	O
help	O
with	O
an	abstract
identification	abstract
on	abstract
the	abstract
anemone	abstract
.	O

What	O
was	O
your	event
first	event
reaction	event
upon	O
learning	O
there	O
was	O
an	abstract
undiscovered	abstract
ecosystem	abstract
under	O
the	place
ice	place
in	place
the	place
Ross	place
Sea	place
?	O

I	person
was	O
amazed	O
and	O
really	O
excited	O
.	O

I	person
think	O
to	O
say	O
it	abstract
was	O
unexpected	O
is	O
inaccurate	O
,	O
because	O
it	O
implies	O
that	O
there	O
was	O
a	abstract
well-founded	abstract
expectation	abstract
of	abstract
something	abstract
.	O

The	object
technology	object
that	object
Frank	object
and	object
his	object
colleagues	object
are	object
using	object
to	O
explore	O
the	place
ice	place
is	O
so	O
important	O
because	O
,	O
given	O
our	quantity
lack	quantity
of	quantity
data	quantity
,	O
we	O
have	O
no	object
reasonable	object
expectation	object
of	O
what	O
it	abstract
should	O
be	O
like	O
,	O
or	O
what	O
it	abstract
should	O
n't	O
be	O
like	O
.	O

There	O
's	O
a	event
return	event
trip	event
planned	O
hopefully	O
for	O
2015	time
,	O
with	O
both	O
biologists	person
and	O
ANDRILL	person
geologists	person
.	O

Are	O
you	person
intending	O
to	O
go	O
there	place
yourself	person
?	O

I	person
would	O
love	O
to	O
.	O

But	O
I	person
am	O
also	O
happy	O
to	O
not	O
go	O
,	O
as	O
long	O
as	O
someone	O
collects	O
more	animal
animals	animal
on	O
my	person
behalf	O
!	O

What	abstract
I	abstract
want	abstract
to	abstract
do	abstract
with	abstract
the	abstract
animals	abstract
requires	O
new	substance
material	substance
preserved	O
in	O
diverse	O
ways	O
,	O
but	O
it	abstract
does	O
n't	O
require	O
me	person
to	O
be	O
there	place
.	O

Although	O
I	person
am	O
sure	O
that	O
being	O
there	place
would	O
enhance	O
my	abstract
understanding	abstract
of	abstract
the	abstract
animals	abstract
and	abstract
the	abstract
system	abstract
in	abstract
which	abstract
they	abstract
live	abstract
,	O
and	O
would	O
help	O
me	person
formulate	O
more	abstract
and	abstract
better	abstract
questions	abstract
about	abstract
the	abstract
anemones	abstract
,	O
ship	abstract
time	abstract
is	O
expensive	O
,	O
especially	O
in	O
Antarctica	place
,	O
and	O
if	O
there	O
are	O
biologists	person
whose	O
contribution	O
is	O
predicated	O
on	O
being	O
there	O
,	O
they	person
should	O
have	O
priority	O
to	O
be	O
there	place
.	O

These	animal
animals	animal
are	O
shrouded	O
in	O
mystery	O
.	O

Some	abstract
of	abstract
the	abstract
most	abstract
intriguing	abstract
questions	abstract
are	O
chemical	O
;	O
do	O
they	animal
produce	O
some	substance
kind	substance
of	substance
antifreeze	substance
,	O
and	O
is	O
that	abstract
orange	abstract
glow	abstract
in	abstract
the	abstract
ROV	abstract
lights	abstract
their	animal
own	O
?	O

Talk	O
us	person
through	O
the	abstract
difficulties	abstract
encountered	O
when	O
trying	O
to	O
find	O
answers	abstract
with	O
the	object
specimens	object
on	object
hand	object
.	O

The	object
samples	object
we	person
have	O
are	O
small	O
in	O
terms	O
of	O
numbers	O
and	O
they	object
are	O
all	O
preserved	O
in	O
formalin	substance
(	O
a	substance
kind	substance
of	substance
formaldehyde	substance
solution	substance
)	O
.	O

The	substance
formalin	substance
is	O
great	O
for	O
preserving	O
structures	abstract
,	O
but	O
for	O
anemones	animal
,	O
it	substance
prevents	O
study	O
of	O
DNA	substance
or	O
of	O
the	abstract
chemistry	abstract
of	abstract
the	abstract
body	abstract
.	O

This	O
means	O
we	person
ca	O
n't	O
look	O
at	O
the	abstract
issue	abstract
you	abstract
raise	abstract
with	abstract
these	abstract
animals	abstract
.	O

What	O
we	person
could	O
do	O
,	O
however	O
,	O
was	O
to	O
study	O
anatomy	abstract
and	O
figure	O
out	O
what	O
it	abstract
is	O
,	O
so	O
that	O
when	O
we	person
have	O
samples	object
preserved	O
for	O
studying	O
e.g.	O
,	O
the	abstract
genome	abstract
,	abstract
transcriptome	abstract
,	abstract
or	abstract
metabolome	abstract
,	O
or	O
conduct	O
tests	O
of	O
the	substance
fluid	substance
in	substance
the	substance
burrows	substance
or	substance
in	substance
the	substance
animals	substance
themselves	substance
,	O
we	person
can	O
make	O
precise	abstract
comparisons	abstract
,	O
and	O
figure	O
out	O
what	O
these	animal
animals	animal
have	O
or	O
do	O
(	O
metabolically	O
or	O
chemically	O
)	O
that	O
lets	O
them	animal
live	O
where	place
they	place
live	place
.	O

Just	O
knowing	O
a	O
whole	O
lot	O
about	O
a	animal
single	animal
species	animal
is	O
n't	O
very	O
useful	O
,	O
even	O
if	O
that	animal
animal	animal
is	O
as	O
special	O
as	O
these	animal
clearly	O
are	O
-	O

we	person
need	O
to	O
know	O
what	O
about	O
them	animal
is	O
different	O
and	O
thus	O
related	O
to	O
living	O
in	O
this	O
strange	O
way	O
.	O

The	O
only	O
way	O
to	O
get	O
at	O
what	O
's	O
different	O
is	O
to	O
make	O
comparisons	abstract
with	O
close	animal
relatives	animal
.	O

We	person
can	O
start	O
that	O
side	O
of	O
the	O
work	O
now	O
,	O
anticipating	O
having	O
more	animal
beasts	animal
in	O
the	O
future	O
.	O

In	O
terms	O
of	O
their	abstract
glow	abstract
,	O
I	person
suspect	O
that	O
it	abstract
's	O
not	O
theirs	animal
-	O

although	O
luminescence	abstract
is	O
common	O
in	O
anemone	animal
relatives	animal
,	O
they	animal
do	O
n't	O
usually	O
make	O
light	abstract
themselves	O
.	O

They	animal
do	O
make	O
a	O
host	O
of	O
florescent	substance
proteins	substance
,	O
and	O
these	substance
may	O
interact	O
with	O
the	abstract
light	abstract
of	abstract
the	abstract
ROV	abstract
to	O
give	O
that	abstract
gorgeous	abstract
glow	abstract
.	O

What	O
analysis	O
did	O
you	O
perform	O
on	O
the	object
specimens	object
and	O
what	O
equipment	object
was	O
used	O
?	O

I	person
used	O
a	object
dissecting	object
scope	object
to	O
look	O
at	O
the	abstract
animal	abstract
's	abstract
external	abstract
anatomy	abstract
and	O
overall	abstract
body	abstract
organization	abstract
(	O
magnification	quantity
of	quantity
60	quantity
X	quantity
)	O
.	O

I	person
embedded	O
a	animal
few	animal
of	animal
the	animal
animals	animal
in	O
wax	O
and	O
then	O
cut	O
them	animal
into	O
very	object
thin	object
slices	object
using	O
a	O
microtome	object
,	O
mounted	O
the	object
slices	object
on	O
microscope	object
slides	object
,	O
stained	O
the	object
slices	object
to	O
enhance	O
contrast	O
,	O
and	O
then	O
looked	O
at	O
those	object
slides	object
under	O
a	O
compound	object
microscope	object

(	O
that	O
's	O
how	O
I	person
got	O
the	object
pictures	object
of	object
the	object
muscles	object
etc	object
in	O
the	abstract
paper	abstract
)	O
.	O

I	person
used	O
that	object
same	object
compound	object
scope	object
to	O
look	O
at	O
squashed	object
bits	object
of	object
tissue	object
to	O
see	O
the	object
stinging	object
capsules	object
(	O
=	O
nematocysts	object
)	O
.	O

I	event
compared	event
the	event
things	event
I	event
saw	event
under	event
the	event
'scopes	event
to	event
what	event
had	event
been	event
published	event
on	event
other	event
species	event
in	event
this	event
group	event
.	O

This	event
step	event
seems	O
trivial	O
,	O
but	O
it	event
is	O
really	O
the	O
most	O
important	O
part	O
!	O

By	O
comparing	O
my	abstract
observations	abstract
to	O
what	abstract
my	abstract
colleagues	abstract
and	abstract
predecessors	abstract
had	abstract
found	abstract
,	O
I	person
figured	O
out	O
what	O
group	abstract
it	animal
belongs	O
to	O
,	O
and	O
was	O
able	O
to	O
determine	O
that	O
within	O
that	abstract
group	abstract
,	O
it	animal
was	O
a	O
new	O
species	O
.	O

It	O
was	O
three	time
years	time
between	O
recovery	event
of	event
specimens	event
and	O
final	event
publication	event
,	O
why	O
did	O
it	event
take	O
so	O
long	O
?	O

You	person
mean	O
,	O
how	O
did	O
we	person
manage	O
to	O
make	O
it	event
all	O
happen	O
so	O
quickly	O
,	O
right	O
?	O
:)	O

It	O
was	O
about	time
two	time
years	time
from	O
when	O
Frank	person
sent	O
me	person
specimens	object
to	O
when	O
we	person
got	O
the	abstract
paper	abstract
out	O
.	O

Some	O
of	O
that	time
time	time
was	O
just	O
lost	O
time	O
-	O

I	person
had	O
other	abstract
projects	abstract
in	O
the	O
queue	O
that	O
I	person
needed	O
to	O
finish	O
.	O

Once	O
we	person
figured	O
out	O
what	O
it	animal
was	O
,	O
we	person
played	O
a	O
lot	O
of	O
manuscript	abstract
email	abstract
tag	abstract
,	O
which	O
can	O
be	O
challenging	O
and	O
time	O
consuming	O
given	O
the	abstract
differing	abstract
schedules	abstract
that	O
folks	O
keep	O
in	O
terms	O
of	O
travel	abstract
,	O
field	abstract
work	abstract
,	O
etc.	O

Manuscript	event
review	event
and	event
processing	event
took	O
about	time
four	time
months	time
.	O

What	O
sort	O
of	O
difficulties	abstract
were	O
posed	O
by	O
the	substance
unorthodox	substance
preservatives	substance
used	O
,	O
and	O
what	O
additional	abstract
work	abstract
might	O
be	O
possible	O
on	O
a	object
specimen	object
with	object
intact	object
DNA	object
?	O

The	abstract
preservation	abstract
was	O
not	O
unorthodox	O
-	O

they	O
followed	O
best	O
practices	O
for	O
anatomical	abstract
preservation	abstract
.	O

Having	O
DNA-suitable	object
material	object
will	O
let	O
us	person
see	O
whether	O
there	O
are	O
new	abstract
genes	abstract
,	O
or	O
genes	abstract
turned	abstract
on	abstract
in	abstract
different	abstract
ways	abstract
and	abstract
at	abstract
different	abstract
times	abstract
that	O
help	O
explain	O
how	O
these	animal
animals	animal
burrow	O
into	O
hard	place
ice	place
and	O
then	O
survive	O
in	O
the	abstract
cold	abstract
.	O

I	person
am	O
curious	O
about	O
the	abstract
population	abstract
structure	abstract
of	abstract
the	abstract
"	abstract
fields	abstract
"	abstract
of	abstract
anemones	abstract
-	O

the	abstract
group	abstract
to	abstract
which	abstract
Edwardsiella	abstract
andrillae	abstract
belongs	abstract
includes	O
many	animal
species	animal
that	O
reproduce	O
asexually	O
,	O
and	O
it	abstract
's	O
possible	O
that	abstract
the	abstract
fields	abstract
are	abstract
"	abstract
clones	abstract
"	abstract
produced	abstract
asexually	abstract
rather	O
than	O
the	O
result	O
of	O
sexual	abstract
reproduction	abstract
.	O

DNA	substance
is	O
the	O
only	O
way	O
to	O
test	O
this	abstract
.	O

This	object
map	object
shows	O
the	place
location	place
of	place
the	place
Ross	place
Ice	place
Shelf	place
in	O
the	place
Antarctic	place
,	O
and	O
the	place
two	place
known	place
localities	place
for	place
E.	place
andrillae	place
relative	O
to	O
McMurdo	place
Station	place

image	object
:	O
Daily	person
et	person
al.	person

Daly	person
explained	O
how	O
she	person
obtained	O
these	object
images	object
of	object
the	object
anemone	object
's	object
anatomy	object
.	O
