
Łódź	place

Łódź	place
(	O
Pronounced	O
:	O
Wootch	abstract
)	O
is	O
Poland	place
's	place
third	place
biggest	place
city	place
,	O
and	O
the	place
capital	place
of	place
the	place
Łódzkie	place
Voivodship	place
.	O

Unlike	O
most	place
other	place
large	place
Polish	place
cities	place
,	O
which	O
have	O
long	abstract
histories	abstract
,	O
Łódź	place
was	O
created	O
almost	O
from	O
scratch	O
during	O
the	event
19th	event
century	event
textile	event
industry	event
boom	event
to	O
house	O
textile	place
mills	place
,	O
their	person
owners	person
and	O
their	person
workers	person
,	O
and	O
rapidly	O
grew	O
to	O
become	O
an	place
important	place
industrial	place
and	place
commerce	place
centre	place
.	O

In	O
recent	time
years	time
,	O
Łódź	place
has	O
been	O
battling	O
rising	abstract
unemployment	abstract
and	abstract
youth	abstract
migration	abstract
resulting	O
from	O
the	abstract
failing	abstract
textile	abstract
industry	abstract
and	O
is	O
repositioning	O
itself	place
as	O
a	place
hub	place
for	place
design	place
and	place
creative	place
industries	place
.	O

Owing	O
to	O
its	abstract
history	abstract
,	O
Łódź	place
has	O
an	abstract
impressive	abstract
collection	abstract
of	abstract
residential	abstract
,	abstract
commercial	abstract
and	abstract
industrial	abstract
19th-century	abstract
architecture	abstract
including	abstract
some	abstract
of	abstract
Europe	abstract
's	abstract
largest	abstract
factory	abstract
buildings	abstract
,	O
now	O
mostly	O
repurposed	O
as	O
shopping	place
centres	place
or	O
lofts	place
.	O

Recent	abstract
local	abstract
investment	abstract
and	O
a	abstract
long-standing	abstract
cultural	abstract
scene	abstract
ensures	O
there	O
is	O
always	O
something	object
more	object
to	object
do	object
than	object
just	object
sightseeing	object
or	object
shopping	object
,	O
with	O
the	place
city	place
hosting	O
some	place
of	place
the	place
best	place
museums	place
and	place
art	place
galleries	place
in	place
the	place
country	place
.	O

The	abstract
close	abstract
proximity	abstract
of	abstract
Warsaw	abstract
and	O
Łódź	place
's	place
location	place
at	place
the	place
crossroads	place
of	place
the	place
Polish	place
motorway	place
system	place
make	O
it	place
an	place
ideal	place
destination	place
for	place
a	place
day	place
trip	place
or	place
longer	place
city	place
break	place
.	O

Understand	O

Historic	place
fire	place
station	place
in	place
Księży	place
Młyn	place
area	place

Name	abstract
and	O
history	abstract

The	abstract
origin	abstract
of	abstract
the	abstract
city	abstract
's	abstract
name	abstract
is	O
unknown	O
,	O
however	O
,	O
the	abstract
word	abstract
łódź	abstract
translates	O
to	O
"	O
boat	abstract
"	O
in	O
English	abstract
.	O

This	O
is	O
referred	O
to	O
in	O
the	abstract
emblem	abstract
and	O
when	O
you	person
hear	O
the	person
dwellers	person
of	person
Łódź	person
(	O
łodzianin	person
(	person
man	person
)	person
łodzianka	person
(	person
woman	person
)	person
łodzianie	person
(	person
plural	person
)	person
)	O
calling	O
themselves	person
"	O
the	abstract
boat	abstract
people	abstract
"	O
.	O

A	place
settlement	place
on	place
the	place
area	place
of	place
present-day	place
Łódź	place
was	O
established	O
in	O
the	time
14th	time
century	time
and	O
in	O
1423	time
it	place
was	O
granted	O
a	abstract
town	abstract
charter	abstract
,	O
along	O
with	O
the	abstract
right	abstract
to	O
have	O
a	place
marketplace	place
.	O

However	O
,	O
the	abstract
real	abstract
development	abstract
of	abstract
Łódź	abstract
started	O
with	O
the	time
industrial	time
era	time
at	O
the	time
beginning	time
of	time
the	time
19th	time
century	time
when	O
the	place
city	place
was	O
chosen	O
to	O
be	O
the	abstract
heart	abstract
of	abstract
the	abstract
rapidly-growing	abstract
textile	abstract
industry	abstract
.	O

The	abstract
population	abstract
of	abstract
Łódź	abstract
soared	O
from	O
some	person
4,000	person
people	person
in	O
the	time
1830s	time
and	O
40,000	person
in	O
1865	time
to	O
over	person
300,000	person
inhabitants	person
at	O
the	time
turn	time
of	time
the	time
century	time
,	O
which	O
was	O
an	abstract
unprecedented	abstract
growth	abstract
on	abstract
a	abstract
worldwide	abstract
scale	abstract
.	O

The	abstract
rapid	abstract
development	abstract
of	abstract
Łódź	abstract
in	abstract
the	abstract
second	abstract
half	abstract
of	abstract
the	abstract
19th	abstract
century	abstract
was	O
brought	O
about	O
by	O
the	event
rise	event
of	event
enormous	event
industrialist	event
fortunes	event
.	O

New	person
inhabitants	person
,	O
craftsmen	person
and	O
merchants	person
came	O
to	O
Łódź	place
;	O
markets	place
and	O
town	abstract
fairs	abstract
came	O
to	O
life	O
.	O

The	abstract
profits	abstract
obtained	O
from	O
prosperous	place
textile	place
mills	place
opened	O
up	O
practically	O
unlimited	abstract
possibilities	abstract
for	O
their	person
owners	person
.	O

The	place
city	place
residences	place
became	O
expressions	O
of	O
the	abstract
riches	abstract
and	abstract
power	abstract
of	abstract
the	abstract
local	abstract
tycoons	abstract
.	O

They	place
were	O
usually	O
situated	O
next	O
to	O
the	place
owner	place
's	place
factory	place
.	O

Ever	O
since	O
the	time
industrial	time
revolution	time
brought	O
a	abstract
massive	abstract
influx	abstract
of	abstract
workforce	abstract
,	O
Łódź	place
had	O
been	O
a	place
city	place
almost	O
equally	O
divided	O
between	O
four	abstract
cultures	abstract
-	O
Polish	abstract
,	O
Jewish	abstract
,	O
German	abstract
and	O
Russian	abstract
.	O

The	time
day	time
before	time
the	time
outbreak	time
of	time
World	time
War	time
II	time
,	O
Łódź	place
was	O
inhabited	O
by	O
approximately	person
672,000	person
people	person
,	person
among	person
whom	person
35	person
%	person
were	person
of	person
Jewish	person
faith	person
and	person
some	person
15	person
%	person
were	person
ethnic	person
German	person
.	O

Andrzej	abstract
Wajda	abstract
's	abstract
movie	abstract
,	O
Promised	abstract
Land	abstract
based	O
on	O
a	object
novel	object
by	object
the	object
Nobel	object
laureate	object
Władysław	object
Reymont	object
,	O
depicts	O
those	time
times	time
and	O
is	O
a	abstract
worthwhile	abstract
introduction	abstract
to	abstract
the	abstract
city	abstract
's	abstract
bustling	abstract
history	abstract
.	O

During	O
the	abstract
Nazi	abstract
occupation	abstract
,	O
Łódź	place
was	O
incorporated	O
directly	O
into	O
the	organization
Third	organization
Reich	organization
.	O

The	place
city	place
was	O
renamed	O
to	O
Litzmannstadt	abstract
,	O
and	O
Piotrkowska	place
Street	place
was	O
called	O
Adolf-Hitler-Strasse	abstract
.	O

The	organization
Jewish	organization
community	organization
was	O
practically	O
wiped	O
out	O
,	O
and	O
many	person
others	person
lost	O
their	abstract
lives	abstract
.	O

Although	O
the	place
city	place
was	O
not	O
destroyed	O
in	O
the	abstract
aftermath	abstract
,	O
the	abstract
material	abstract
losses	abstract
were	O
serious	O
as	O
the	object
machinery	object
,	O
raw	substance
materials	substance
and	O
finished	object
goods	object
were	O
taken	O
away	O
by	O
the	organization
fleeing	organization
Nazis	organization
.	O

The	time
day	time
before	time
the	time
liberation	time
,	O
about	person
80,000	person
Germans	person
left	O
Łódź	place
in	O
panic	O
.	O

At	O
the	time
beginning	time
of	time
1945	time
,	O
the	abstract
population	abstract
was	O
estimated	O
at	O
300,000	quantity
.	O

Plac	place
Wolności	place

Łódź	place
today	place

Since	O
the	event
fall	event
of	event
communism	event
in	event
Poland	event
,	O
Łódź	place
has	O
not	O
enjoyed	O
the	abstract
rapid	abstract
economic	abstract
growth	abstract
cities	place
like	place
Kraków	place
,	place
Warsaw	place
and	place
Wrocław	place
have	O
experienced	O
,	O
and	O
has	O
had	O
to	O
endure	O
the	event
fall	event
of	event
much	event
of	event
its	event
textile	event
industry	event
,	O
rising	abstract
unemployment	abstract
and	O
emigration	abstract
(	abstract
within	abstract
Poland	abstract
and	abstract
abroad	abstract
)	abstract
.	O

This	abstract
led	O
to	O
further	event
dilapidation	event
of	event
the	event
investment-starved	event
city	event
,	O
and	O
many	O
of	O
its	place
streets	place
and	place
buildings	place
show	O
profound	abstract
signs	abstract
of	abstract
neglect	abstract
.	O

At	O
first	O
glance	O
,	O
for	O
a	place
city	place
of	place
760,000	place
and	place
agglomeration	place
of	place
1.428,000	place
,	O
there	abstract
does	abstract
not	abstract
seem	abstract
to	abstract
be	abstract
much	abstract
to	abstract
see	abstract
.	O

However	O
,	O
the	abstract
situation	abstract
is	O
rapidly	O
changing	O
now	O
with	O
Łódź	place
campaigning	O
and	O
redesigning	event
itself	event
as	event
an	event
up-and-coming	event
destination	event
.	O

To	O
accomplish	O
this	event
,	O
Łódź	place
has	O
been	O
capitalizing	O
on	O
its	abstract
film	abstract
history	abstract
-	O
Łódź	place
is	O
jokingly	O
referred	O
to	O
as	O
the	abstract
"	abstract
HollyŁódź	abstract
"	abstract
of	abstract
Poland	abstract
and	O
hosts	O
several	event
film	event
festivals	event
and	O
many	event
other	event
cultural	event
events	event
.	O
