
The	place
Chatham	place
Islands	place

The	place
Chatnam	place
Islands	place
(	O
Rekohu	place
in	O
the	abstract
indigenous	abstract
Moriori	abstract
language	abstract
)	O
are	O
the	place
eastern-most	place
settled	place
islands	place
in	O
New	place
Zealand	place
.	O

The	place
islands	place
are	O
in	O
their	place
own	place
time	place
zone	place
,	O
45	time
minutes	time
ahead	O
of	O
New	abstract
Zealand	abstract
time	abstract
;	O

the	place
International	place
Date	place
Line	place
jogs	O
eastward	O
to	O
keep	O
them	place
on	O
the	time
same	time
calendar	time
day	time
as	O
the	place
rest	place
of	place
New	place
Zealand	place
.	O

The	place
islands	place
lie	O
860	quantity
km	quantity
east	O
of	O
Christchurch	place
,	O
in	O
the	O
middle	O
of	O
the	O
"	substance
Roaring	substance
Forties	substance
"	substance
.	O

Steeped	O
in	O
culture	abstract
and	O
history	abstract
,	O
these	place
islands	place
are	O
on	O
the	abstract
very	abstract
edge	abstract
of	abstract
civilisation	abstract
.	O

Experience	O
Moriori	abstract
culture	abstract
,	O
experience	O
Rekohu	place
.	O

Understand	O

The	place
Chatham	place
Islands	place
consist	O
of	O
the	place
main	place
island	place
,	O
Chatham	place
Island	place
itself	place
,	O
with	O
a	O
population	abstract
of	O
600	quantity
,	O
smaller	place
Pitt	place
Island	place
with	O
about	O
40	quantity
inhabitants	person
,	O
and	O
a	place
number	place
of	place
rocky	place
outcrops	place
.	O

The	place
islands	place
are	O
volcanic	O
in	O
origin	event
and	O
have	O
a	place
unique	place
and	place
sensitive	place
habitat	place
that	O
supports	O
many	animal
rare	animal
and	animal
endangered	animal
species	animal
.	O

The	person
original	person
people	person
of	person
the	person
islands	person
are	O
the	person
Moriori	person
,	O
who	O
were	O
descended	O
from	O
the	person
Maori	person
of	person
mainland	person
New	person
Zealand	person
,	O
but	O
who	O
developed	O
their	abstract
own	abstract
culture	abstract
and	O
variant	object
of	object
the	object
language	object
.	O

In	O
1835	time
Maori	person
settlers	person
from	person
the	person
mainland	person
arrived	O
,	O
massacred	O
and	O
enslaved	O
the	person
Moriori	person
.	O

Get	O
in	O

By	O
plane	object

The	event
only	event
way	event
for	O
visitors	person
to	O
travel	O
to	O
the	place
Chathams	place
is	O
via	O
scheduled	event
or	event
chartered	event
air	event
service	event
.	O

Air	organization
Chathams	organization
fly	O
5	quantity
days	quantity
per	quantity
week	quantity
,	O
from	O
either	O
Christchurch	place
,	O
Auckland	place
or	O
Wellington	place
and	O
,	O
seasonally	O
,	O
from	O
Napier	place
.	O

The	object
plane	object
is	O
based	O
in	O
the	place
Chathams	place
and	O
flies	O
to	O
mainland	place
New	place
Zealand	place
in	O
the	time
morning	time
,	O
then	O
back	O
to	O
the	place
Chathams	place
in	O
the	time
afternoon	time
.	O

As	O
part	O
of	O
New	place
Zealand	place
,	O
there	O
are	O
no	O
passport	abstract
or	abstract
visa	abstract
requirements	abstract
and	O
no	O
border	event
controls	event
on	O
arrival	event
from	event
the	event
mainland	event
.	O

You	person
should	O
book	O
or	O
ensure	O
accommodation	place
before	O
you	person
board	O
a	event
flight	event
for	event
the	event
Chathams	event
,	O
as	O
during	O
the	time
popular	time
months	time
of	time
the	time
tourism	time
season	time
,	O
between	time
October	time
and	time
April	time
,	O
accommodation	place
can	O
be	O
severely	O
limited	O
.	O

There	O
are	O
no	O
same-day	event
return	event
flights	event
,	O
so	O
once	O
there	place
you	person
have	O
to	O
stay	O
at	O
least	O
one	time
night	time
.	O

Although	O
flying	event
to	event
the	event
Chathams	event
and	event
back	event
is	O
not	O
cheap	O
,	O
it	event
is	O
worth	O
it	event
.	O

Even	O
the	person
mainland	person
school	person
groups	person
that	O
fly	O
there	place
for	O
school	event
camps	event
,	O
and	O
choose	O
to	O
stay	O
at	O
Kopinga	place
Marae	place
[	O
1	O
]	O
get	O
value	abstract
for	abstract
money	abstract
by	O
chartering	O
a	event
flight	event
one	O
way	O
.	O

Anyway	O
,	O
you	person
do	O
n't	O
have	O
a	abstract
choice	abstract
on	O
how	O
you	person
get	O
there	place
,	O
unless	O
you	person
happen	O
to	O
own	O
an	object
aeroplane	object
.	O

However	O
,	O
when	O
you	person
get	O
off	O
that	object
aeroplane	object
,	O
if	O
you	person
have	O
n't	O
pre-organised	O
transport	event
,	O
you	person
will	O
have	O
to	O
walk	O
,	O
and	O
it	abstract
is	O
a	object
long	object
way	object
into	place
town	place
.	O

By	O
boat	object

The	event
only	event
scheduled	event
shipping	event
service	event
to	O
the	place
Chatham	place
Islands	place
remains	O
the	object
Black	object
Robin	object
Freighters	object
"	object
Rangatira	object
"	object
,	O
an	object
antiquated	object
,	object
slow	object
and	object
small	object
coastal	object
trading	object
vessel	object
.	O

This	object
boat	object
has	O
serviced	O
the	place
islands	place
for	O
many	time
years	time
,	O
but	O
does	O
not	O
carry	O
passengers	person
.	O

Freight	object
charges	object
on	object
the	object
Rangatira	object
appear	O
to	O
be	O
flexible	O
and	O
subject	O
to	O
change	O
.	O

Vessels	object
can	O
call	O
at	O
the	place
Chathams	place
and	O
there	O
are	O
a	place
number	place
of	place
"	place
safe	place
"	place
harbours	place
for	place
shelter	place
if	O
the	abstract
need	abstract
arises	O
.	O

Remember	O
to	O
notify	O
the	person
local	person
policeman	person
,	O
or	O
Ministry	person
of	person
Fisheries	person
officer	person
if	O
you	person
are	O
entering	O
New	place
Zealand	place
via	O
the	place
Chathams	place
.	O

If	O
you	person
want	O
a	place
wharf	place
berthage	place
then	O
call	O
the	person
local	person
harbour	person
master	person
as	O
you	person
near	O
the	place
Chathams	place
and	O
he	person
will	O
sort	O
you	person
out	O
.	O

Get	O
around	O

There	O
are	O
several	object
businesses	object
on	object
Chatham	object
Island	object
that	O
will	O
rent	O
you	person
a	object
vehicle	object
.	O

Do	O
not	O
expect	O
the	O
flashest	O
and	O
latest	O
in	O
rental	object
cars	object
though	O
.	O

The	object
cars	object
"	O
will	O
"	O
be	O
warranted	O
and	O
safe	O
,	O
but	O
they	object
wo	O
n't	O
be	O
exceptionally	O
"	O
flash	O
"	O
.	O

Chatham	organization
Motors	organization
have	O
a	O
range	O
of	O
nice	object
rental	object
vans	object
available	O
as	O
well	O
and	O
they	organization
provide	O
pretty	event
good	event
service	event
for	event
both	event
visitors	event
and	event
locals	event
.	O

See	O

Basalt	object
columns	object

Some	animal
of	animal
the	animal
world	animal
's	animal
most	animal
rare	animal
and	animal
endangered	animal
birds	animal
,	O
plants	plant
and	O
insects	animal
.	O

Unique	object
tree	object
carvings	object
done	O
by	O
the	person
peaceful	person
Moriori	person
people	person
hundreds	O
of	O
years	O
ago	O
.	O

Henga	place
Scenic	place
Reserve	place
.	O

Set	O
adjacent	O
to	O
Henga	place
Lodge	place
is	O
the	place
magnificent	place
Henga	place
Scenic	place
Reserve	place
.	O

Guests	person
of	person
the	person
lodge	person
can	O
meander	O
around	O
either	O
a	event
short	event
easy	event
walk	event
,	O
or	O
take	O
the	event
longer	event
2	event
hr	event
return	event
walk	event
out	event
onto	event
the	event
spectacular	event
beach	event
.	O

Access	event
is	O
free	O
to	O
Lodge	person
guests	person
.	O

Hapupu	place
National	place
Historic	place
Scenic	place
Reserve	place
.	O

One	place
of	place
only	place
two	place
National	place
Historic	place
Scenic	place
Reserves	place
in	place
New	place
Zealand	place
(	O
the	O
other	O
is	O
the	place
Waitangi	place
Treaty	place
Grounds	place
)	O
,	O
Hapupu	place
is	O
a	place
special	place
place	place
,	O
and	O
somewhere	O
that	O
you	person
will	O
want	O
to	O
tell	O
others	person
about	O
.	O

Spiritually	O
and	O
culturally	O
important	O
to	O
Moriori	person
,	O
it	place
holds	O
the	object
last	object
known	object
concentration	object
of	object
momori-rakau	object
,	O
or	O
tree	object
carvings	object
done	O
by	O
the	person
ancestors	person
of	person
today	person
's	person
Moriori	person
.	O

There	O
are	O
many	abstract
views	abstract
on	O
why	O
they	person
did	O
these	object
carvings	object
,	O
but	O
whatever	O
the	abstract
reason	abstract
,	O
you	person
will	O
find	O
them	object
a	object
very	object
special	object
attraction	object
.	O

Port	place
Hutt	place
.	O

One	place
of	place
the	place
most	place
scenicly	place
attractive	place
ports	place
in	place
the	place
whole	place
of	place
New	place
Zealand	place
,	O
Port	place
Hutt	place
boasts	O
an	place
incredibly	place
sheltered	place
little	place
harbour	place
,	O
with	O
picturesque	object
views	object
and	O
safe	place
anchorage	place
in	O
all	O
weather	O
.	O

Historically	O
important	O
and	O
economically	O
crucial	O
for	O
these	place
islands	place
today	time
,	O
Port	place
Hutt	place
is	O
the	place
ideal	place
location	place
for	place
a	place
short	place
browse	place
around	place
and	O
a	place
mecca	place
for	place
those	place
photography	place
buffs	place
[	O
2	O
]	O
.	O

Kopinga	place
Marae	place
.	O

If	O
you	person
could	O
define	O
a	place
place	place
that	O
will	O
remind	O
you	person
of	O
your	event
visit	event
to	event
the	event
Chathams	event
,	O
then	O
this	place
very	place
special	place
place	place
will	O
be	O
at	O
the	place
top	place
of	place
your	place
list	place
.	O

Opened	O
in	O
2005	time
,	O
Kopinga	place
is	O
the	place
official	place
meeting	place
place	place
of	place
Te	place
Imi	place
Moriori	place
.	O

Adorned	O
with	O
contemporary	object
Moriori	object
carvings	object
and	O
traditional	object
taonga	object
(	O
treasures	object
)	O
,	O
the	place
marae	place
is	O
a	place
magnificent	place
,	place
tasteful	place
and	place
contemporary	place
testament	place
to	place
the	place
ancestors	place
of	place
Te	place
Imi	place
Moriori	place
.	O

Enjoy	O
a	event
guided	event
tour	event
of	event
this	event
beautiful	event
and	event
peaceful	event
building	event
.	O

School-Camps	organization
At	organization
Kopinga	organization
Marae	organization
[	O
3	O
]	O
also	O
utilise	O
this	object
wonderful	object
national	object
treasure	object
for	O
hosting	O
visiting	person
school	person
groups	person
.	O

Tommy	object
Solomon	object
Statue	object
.	O

Tame	person
Horomona	person
Rehe	person
was	O
the	person
last	person
known	person
full-blooded	person
Moriori	person
and	O
he	event
passed	event
away	event
in	event
1933	event
.	O

He	person
was	O
however	O
,	O
not	O
the	person
last	person
Moriori	person
.	O

His	person
own	person
descendants	person
and	O
the	person
descendants	person
of	person
other	person
Moriori	person
live	O
on	O
today	time
.	O

Come	O
and	O
have	O
a	event
look	event
at	event
this	event
statue	event
,	O
erected	O
in	O
1985	time
to	O
commemorate	O
his	event
passing	event
.	O
