
Understand	O

Some	place
of	place
the	place
distinctive	place
skyline	place
of	place
Downtown	place
,	O
including	O
the	place
Kaiser	place
Building	place
and	O
the	place
Cathedral	place
of	place
Christ	place
the	place
Light	place
.	O

Often	O
overshadowed	O
by	O
San	place
Francisco	place
,	O
its	place
larger	place
neighbor	place
lying	O
directly	O
to	O
the	place
west	place
,	O
Oakland	place
has	O
in	O
recent	O
years	O
began	O
to	O
step	O
out	O
from	O
under	O
the	O
shadows	O
,	O
playing	O
upon	O
the	place
beautiful	place
highlights	place
of	O
its	place
own	O
and	O
its	event
rise	event
as	O
the	place
multicultural	place
"	place
hipster	place
'	place
city	place
of	place
the	place
Bay	place
Area	place
.	O

Since	O
the	time
1960s	time
,	O
Oakland	place
has	O
been	O
a	abstract
hub	abstract
of	abstract
radical	abstract
culture	abstract
,	O
and	O
is	O
the	place
birthplace	place
of	place
both	place
the	place
Black	place
Panther	place
Party	place
and	place
the	place
Hell	place
's	place
Angels	place
.	O

Oakland	abstract
's	abstract
history	abstract
in	abstract
the	abstract
arts	abstract
and	abstract
entertainment	abstract
arena	abstract
is	O
notable	O
as	O
well	O
,	O
as	O
Oakland	place
has	O
nurtured	O
or	O
been	O
a	O
second	O
home	O
to	O
novelists	person
Gertrude	person
Stein	person
,	person
Jack	person
London	person
,	person
Amy	person
Tan	person
,	person
and	person
Maya	person
Angelou	person
;	O
actors	person
Meryl	person
Streep	person
,	person
Mark	person
Hamill	person
,	person
Bruce	person
Lee	person
,	person
and	person
Tom	person
Hanks	person
;	O
architect	person
Julia	person
"	person
Butterfly	person
"	person
Hill	person
;	O
classical	person
conductor	person
Calvin	person
Simmons	person
;	O
rappers	person
MC	person
Hammer	person
,	person
2Pac	person
,	person
Messy	person
Marv	person
,	O
and	O
several	person
other	person
notables	person
in	person
the	person
liberal	person
arts	person
and	person
sciences	person
.	O

Oakland	place
as	place
a	place
city	place
reflects	O
the	O
amazing	abstract
diversity	abstract
of	abstract
its	abstract
residents	abstract
and	O
long	abstract
history	abstract
.	O

For	O
many	person
visitors	person
,	O
the	place
first	place
place	place
they	person
are	O
likely	O
to	O
visit	O
is	O
Downtown	place
,	O
especially	O
if	O
they	person
are	O
in	O
town	O
on	O
business	O
,	O
or	O
simply	O
do	O
not	O
know	O
where	O
to	O
start	O
.	O

The	place
center	place
of	place
transportation	place
by	place
BART	place
and	place
by	place
bus	place
is	O
there	place
,	O
if	O
one	O
wants	O
to	O
branch	O
out	O
.	O

And	O
it	O
is	O
as	O
simple	O
as	O
walking	O
in	O
a	place
direction	place
from	O
there	place
,	O
for	O
the	place
first	place
few	place
neighborhoods	place
,	O
since	O
Old	place
Oakland	place
is	O
along	O
10th	place
Street	place
,	O
just	O
west	O
of	O
Broadway	place
.	O

Just	O
east	O
of	O
Broadway	place
and	O
continuing	O
north	O
and	O
south	O
is	O
Oakland	place
's	place
famous	place
Chinatown	place
,	O
and	O
that	O
to	O
get	O
the	O
real	O
essence	O
of	O
"	O
Chinatown	place
,	O
"	O
Oakland	place
rather	O
than	O
San	place
Francisco	place
is	O
your	person
best	O
bet	O
.	O

Many	place
of	place
the	place
buildings	place
and	place
streets	place
of	O
Chinatown	place
reflect	O
the	abstract
diverse	abstract
nature	abstract
of	abstract
its	abstract
history	abstract
,	O
in	O
architecture	object
and	object
in	object
the	object
bilingual	object
signs	object
seen	object
throughout	object
the	object
neighborhood	object
.	O

The	person
curious	person
traveler	person
can	O
venture	O
to	O
take	O
a	O
bus	O
southwards	O
along	O
Broadway	place
,	O
and	O
come	O
to	O
Jack	place
London	place
Square	place
.	O

The	O
unlikely	abstract
mixture	abstract
of	O
warehouses	place
and	O
very	place
expensive	place
restaurants	place
and	O
posh	abstract
atmosphere	abstract
alongside	O
some	place
of	place
the	place
landmarks	place
of	place
the	place
city	place
's	place
waterfront	place
makes	O
the	place
Square	place
an	O
interesting	place
place	place
to	place
visit	place
and	place
explore	place
,	O
even	O
for	O
locals	person
.	O

It	place
's	O
the	O
home	place
of	place
the	place
USS	place
Potomac	place
and	O
the	place
site	place
of	place
the	place
namesake	place
author	place
's	place
residence	place
,	O
still	O
preserved	O
and	O
humbly	O
standing	O
not	O
far	O
from	O
a	place
saloon	place
from	place
the	place
same	place
era	place
.	O

Just	O
west	O
of	O
Downtown	place
and	O
slightly	O
north	O
of	O
the	place
Financial	place
District	place
is	O
Uptown	place
.	O

In	O
the	time
evening	time
it	place
buzzes	O
with	O
art	place
galleries	place
,	O
theaters	place
and	O
residents	person
and	person
Bay	person
Area	person
visitors	person
coming	O
into	O
the	place
area	place
to	O
see	O
concerts	event
.	O

A	place
popular	place
area	place
on	O
the	time
weekend	time
with	O
a	abstract
mixed	abstract
vibe	abstract
of	abstract
hipster	abstract
and	abstract
hip	abstract
hop	abstract
.	O

It	place
's	O
a	O
burgeoning	place
neighborhood	place
of	O
performing	abstract
arts	abstract
ranging	O
from	O
nightclubs	place
to	O
music	place
halls	place
,	O
avant-garde	abstract
performance	abstract
art	abstract
,	O
and	O
even	O
an	place
improv	place
theater	place
company	place
.	O

Uptown	place
also	O
has	O
some	O
of	O
the	abstract
best	abstract
in	abstract
the	abstract
city	abstract
's	abstract
vintage	abstract
architecture	abstract
,	O
like	O
the	place
Gothic	place
Revival	place
Cathedral	place
Building	place
and	O
the	place
Art	place
Deco	place
Fox	place
and	O
Paramount	place
Theaters	place
,	O
as	O
well	O
as	O
several	place
restaurants	place
.	O

North	place
Oakland	place
is	O
a	O
sweeping	O
term	O
,	O
referring	O
to	O
just	O
about	O
everywhere	place
north	place
of	place
Uptown	place
and	place
Lake	place
Merritt	place
.	O

Many	O
of	O
the	place
neighborhoods	place
are	O
commercial	place
centers	place
and	O
absolute	place
heaven	place
for	O
foodies	person
or	O
those	person
who	person
seek	person
quieter	person
surroundings	person
than	person
the	person
hustle	person
and	person
bustle	person
of	person
Downtown	person
and	person
Chinatown	person
.	O

Temescal	place
is	O
a	O
neighborhood	O
that	O
lies	O
north-northwest	O
from	O
Downtown	place
,	O
centered	O
along	O
the	O
reach	O
of	O
Telegraph	place
Avenue	place
,	O
at	O
and	O
near	O
51st	place
Street	place
.	O

Until	O
the	time
1960s	time
,	O
a	place
dominantly	place
Italian-American	place
neighborhood	place
,	O
it	place
is	O
now	O
a	O
much	O
more	O
diversified	O
neighborhood	O
,	O
home	O
to	O
many	place
restaurants	place
,	O
including	O
some	place
of	place
the	place
city	place
's	place
best	place
Korean	place
and	place
Ethiopian	place
establishments	place
.	O

Northeast	O
of	O
Temescal	place
and	O
near	O
the	place
Berkeley	place
border	place
lies	O
Rockridge	place
,	O
a	place
neighborhood	place
mixed	place
with	place
family	place
friendly	place
and	place
artistic	place
vibes	place
.	O

It	place
has	O
lots	place
of	place
local	place
boutiques	place
and	O
a	abstract
diverse	abstract
range	abstract
of	abstract
food	abstract
at	abstract
all	abstract
prices	abstract
and	abstract
styles	abstract
.	O

Open-air	place
markets	place
,	O
bookstores	place
,	O
and	O
a	place
BART	place
station	place
all	O
its	place
own	O
make	O
Rockridge	place
another	place
of	place
many	place
pleasant	place
stops	place
in	place
North	place
Oakland	place
.	O

South	O
of	O
Rockridge	place
,	O
and	O
southeast	O
of	O
Temescal	place
lies	O
Piedmont	place
Avenue	place
,	O
a	place
street	place
extending	place
from	place
Broadway	place
near	place
34th	place
and	place
Hawthorne	place
and	O
an	place
area	place
with	place
a	place
group	place
of	place
hospitals	place
on	place
a	place
hill	place
(	place
Pill	place
Hill	place
)	place
up	place
and	place
through	place
a	place
neighborhood	place
bordered	place
on	place
both	place
sides	place
by	place
picturesque	place
hills	place
,	place
houses	place
and	place
trees	place
.	O

Another	place
of	place
North	place
Oakland	place
's	place
group	place
of	place
foodie	place
spots	place
,	O
home	place
to	place
the	place
city	place
's	place
single	place
Michelin-rated	place
restaurant	place
and	place
many	place
others	place
;	O
cafes	place
,	O
ice	place
cream	place
,	O
coffee	place
shops	place
and	O
pleasant	event
walks	event
complete	O
the	abstract
vision	abstract
of	abstract
this	abstract
interesting	abstract
and	abstract
quiet	abstract
neighborhood	abstract
.	O

East	O
along	O
I-580	place
and	O
not	O
far	O
from	O
Piedmont	place
Avenue	place
are	O
two	place
neighborhoods	place
separated	place
by	place
a	place
couple	place
of	place
blocks	place
.	O

Grand	place
Lake	place
and	O
Lakeshore	place
both	O
share	O
a	abstract
friendly	abstract
,	abstract
suburban	abstract
sort	abstract
of	abstract
feel	abstract
.	O

The	place
Grand	place
Lake	place
Theater	place
stands	O
at	O
the	place
entrance	place
to	O
the	place
neighborhood	place
that	place
bears	place
its	place
name	place
,	O
a	O
matter	O
of	O
a	O
few	O
hundred	O
feet	O
from	O
Lakeshore	place
Avenue	place
–	O
both	place
are	O
diverse	O
neighborhoods	O
no	O
matter	O
what	O
your	abstract
budget	abstract
,	O
be	O
it	abstract
burgers	object
or	O
sandwiches	object
or	O
a	object
full	object
romantic	object
evening	object
,	O
either	place
of	place
these	place
twin-sister	place
neighborhoods	place
will	O
make	O
a	abstract
pleasant	abstract
time	abstract
,	O
by	O
day	time
or	time
night	time
.	O

West	place
Oakland	place
was	O
once	O
a	O
burgeoning	O
working-class	O
neighborhood	O
with	O
its	abstract
roots	abstract
tracing	O
as	O
far	O
back	O
as	O
the	time
opening	time
decades	time
of	time
the	time
19th	time
century	time
.	O

It	place
has	O
seen	O
a	abstract
period	abstract
of	abstract
decline	abstract
between	abstract
the	abstract
1960s	abstract
and	abstract
the	abstract
more	abstract
recent	abstract
past	abstract
.	O

Strangely	O
,	O
twice	O
in	O
its	abstract
history	abstract
the	place
neighborhood	place
has	O
seen	O
benefits	abstract
from	abstract
major	abstract
earthquakes	abstract
.	O

After	O
the	event
1906	event
earthquake	event
,	O
many	person
San	person
Franciscans	person
relocated	O
there	place
,	O
and	O
the	event
industrial	event
development	event
of	event
the	event
20s	event
and	event
30s	event
saw	O
its	person
population	person
in	person
the	person
hundreds	person
of	person
thousands	person
.	O

With	O
Loma	event
Prieta	event
in	event
1989	event
,	O
the	object
effective	object
barrier	object
of	object
the	object
Cypress	object
Street	object
Overpass	object
was	O
destroyed	O
,	O
and	O
the	time
decades	time
since	O
have	O
seen	O
the	event
rebuilding	event
and	event
refurbishing	event
of	event
many	event
of	event
the	event
neighborhood	event
's	event
original	event
Victorian	event
houses	event
,	O
and	O
there	O
is	O
a	organization
burgeoning	organization
performing	organization
arts	organization
community	organization
growing	O
near	O
the	place
center	place
of	place
the	place
neighborhood	place
.	O
