
Athens	place
(	O
Greek	O
:	O
Αθήνα	O
,	O
Athína	O
)	O
,	O
is	O
the	place
capital	place
city	place
of	place
Greece	place
with	O
a	abstract
metropolitan	abstract
population	abstract
of	abstract
3.7	abstract
million	abstract
inhabitants	abstract
.	O

It	place
is	O
in	O
many	O
ways	O
the	O
birthplace	place
of	O
Classical	time
Greece	time
,	O
and	O
therefore	O
of	O
Western	organization
civilization	organization
.	O

Understand	O

Old	place
Athens	place

The	place
first	place
pre-historic	place
settlements	place
was	O
constructed	O
in	O
3000	time
BC	time
around	O
the	place
hill	place
of	place
Acropolis	place
.	O

The	abstract
legend	abstract
says	O
that	O
the	person
King	person
of	person
Athens	person
,	O
Theseus	person
unified	O
the	organization
ten	organization
tribes	organization
of	organization
early	organization
Athens	organization
into	O
one	organization
kingdom	organization
(	O
c.	O
1230	time
BC	time
)	O
.	O

This	abstract
process	abstract
of	abstract
synoikismos	abstract
–	O
bringing	abstract
together	abstract
in	abstract
one	abstract
home	abstract
–	O
created	O
the	O
largest	place
and	place
wealthiest	place
state	place
on	place
the	place
Greek	place
mainland	place
,	O
but	O
it	abstract
also	O
created	O
a	object
larger	object
class	object
of	object
people	object
excluded	O
from	O
political	abstract
life	abstract
by	O
the	organization
nobility	organization
.	O

By	O
the	O
7th	time
century	time
BC	time
,	O
social	abstract
unrest	abstract
had	O
become	O
widespread	O
,	O
and	O
the	organization
Areopagus	organization
appointed	O
Draco	person
to	O
draft	O
a	abstract
strict	abstract
new	abstract
law	abstract
code	abstract
(	O
hence	O
"	O
draconian	O
"	O
)	O
.	O

When	O
this	abstract
failed	O
,	O
they	event
appointed	event
Solon	event
,	event
with	event
a	event
mandate	event
to	event
create	event
a	event
new	event
constitution	event
(	event
594	event
)	event
.	O

This	event
was	O
the	event
great	event
beginning	event
of	event
a	event
new	event
social	event
revolution	event
,	O
which	event
was	O
the	abstract
result	abstract
of	abstract
the	abstract
democracy	abstract
under	abstract
Clisthenes	abstract
(	O
508	O
BC	O
)	O
.	O

During	O
the	time
Middle	time
Ages	time
,	O
Athens	place
experienced	O
a	abstract
decline	abstract
,	O
but	O
re-emerged	O
under	O
Byzantian	abstract
rule	abstract
.	O

Athens	place
was	O
thriving	O
and	O
prosperous	O
during	O
the	event
Crusades	event
,	O
actually	O
benefiting	O
from	O
the	event
Italian	event
trade	event
during	O
this	time
period	time
.	O

However	O
,	O
this	time
fruitful	time
period	time
was	O
short-lived	O
,	O
as	O
Greece	place
suffered	O
badly	O
under	O
the	organization
Ottoman	organization
Empire	organization
,	O
only	O
to	O
recover	O
in	O
the	time
19th	time
century	time
as	O
the	place
capital	place
of	place
independent	place
Greece	place
.	O

Modern	event
Olympic	event
Games	event

Athens	place
hosted	O
the	event
2004	event
Summer	event
Olympic	event
Games	event
.	O

While	O
most	place
of	place
the	place
sporting	place
venues	place
were	O
located	O
outside	O
the	place
city	place
proper	place
-	O
in	O
various	place
locations	place
throughout	O
Attica	place
-	O
the	place
entire	place
urban	place
area	place
of	place
Athens	place
underwent	O
major	abstract
lasting	abstract
changes	abstract
that	O
have	O
improved	O
the	abstract
quality	abstract
of	abstract
life	abstract
for	abstract
visitors	abstract
and	abstract
residents	abstract
alike	O
.	O

Aside	O
from	O
the	abstract
excellent	abstract
transportation	abstract
infrastructure	abstract
that	abstract
was	abstract
completed	abstract
in	O
time	O
for	O
the	event
2004	event
Olympics	event
(	O
from	O
new	object
freeways	object
to	object
light	object
rail	object
systems	object
)	O
,	O
the	place
city	place
's	place
historic	place
center	place
underwent	O
serious	abstract
renovation	abstract
.	O

Most	O
notable	O
among	O
the	abstract
city	abstract
's	abstract
facelift	abstract
projects	abstract
are	O
the	abstract
Unification	abstract
of	abstract
Archaeological	abstract
Sites	abstract
-	O
which	O
connects	O
the	place
city	place
's	place
classical	time
-	time
era	time
ruins	object
and	object
monuments	object
to	O
each	O
other	O
through	O
a	abstract
network	abstract
of	abstract
pleasant	abstract
pedestrianized	abstract
streets	abstract
-	O
and	O
the	abstract
restoration	abstract
of	abstract
the	abstract
picturesque	abstract
neoclassical	abstract
Thissio	abstract
and	abstract
Pláka	abstract
districts	abstract
.	O

The	event
ancient	event
Olympic	event
Games	event
took	O
place	O
in	O
Olympia	place
from	O
776	time
BCE	time
to	time
394	time
AD	time
.	O

It	O
is	O
a	event
lengthy	event
day	event
trip	event
from	event
Athens	event
to	O
visit	O
Olympia	place
,	O
but	O
quite	O
interesting	O
.	O

Architecture	abstract

Athens	place
was	O
just	O
a	place
small	place
provincial	place
village	place
when	O
it	place
was	O
chosen	O
in	O
the	time
1830s	time
to	O
serve	O
as	O
the	place
national	place
capital	place
of	place
the	place
modern	place
Greek	place
State	place
.	O

Although	O
it	place
had	O
a	abstract
prestigious	abstract
past	abstract
,	O
the	abstract
city	abstract
's	abstract
political	abstract
,	abstract
economic	abstract
,	abstract
and	abstract
cultural	abstract
importance	abstract
had	O
declined	O
over	O
the	time
centuries	time
,	O
leaving	O
behind	O
only	O
its	object
classical	object
ruins	object
as	O
a	abstract
reminder	abstract
of	abstract
better	abstract
times	abstract
.	O

With	O
the	abstract
decision	abstract
to	O
move	O
the	place
national	place
capital	place
from	O
Nafplio	place
to	O
Athens	place
,	O
architects	person
and	O
city	person
planners	person
were	O
hired	O
to	O
build	O
a	place
new	place
city	place
next	O
to	O
the	object
classical	object
ruins	object
,	O
with	O
grand	place
neoclassical	place
homes	place
and	place
public	place
buildings	place
,	place
large	place
city	place
squares	place
,	place
green	place
spaces	place
,	place
and	place
wide	place
avenues	place
,	O
making	O
a	abstract
conscious	abstract
,	abstract
decisive	abstract
turn	abstract
from	abstract
the	abstract
city	abstract
's	abstract
Ottoman	abstract
past	abstract
.	O

The	place
city	place
regained	O
its	abstract
importance	abstract
in	abstract
Greek	abstract
civilization	abstract
,	O
and	O
by	O
1900	time
had	O
evolved	O
into	O
a	place
very	place
attractive	place
cosmopolitan	place
city	place
,	O
with	O
abundant	object
neoclassical	object
architecture	object
harking	O
to	O
the	time
nation	time
's	time
past	time
.	O

The	time
20th	time
century	time
however	O
,	O
marked	O
the	abstract
rapid	abstract
development	abstract
of	abstract
Athens	abstract
.	O

The	place
city	place
suffered	O
minor	abstract
damage	abstract
during	O
WWII	event
,	O
and	O
suffered	O
extensive	abstract
urban	abstract
planning	abstract
in	O
the	time
decades	time
that	O
followed	O
,	O
as	O
the	place
nation	place
rapidly	O
industrialized	O
and	O
urbanized	O
.	O

In	O
the	time
1960s	time
and	O
1970s	time
,	O
many	place
19th	place
century	place
neoclassical	place
buildings	place
,	place
often	place
small	place
and	place
private	place
,	O
were	O
demolished	O
to	O
make	O
way	abstract
for	O
office	place
buildings	place
,	O
often	O
designed	O
by	O
great	person
Greek	person
architects	person
.	O

The	place
city	place
also	O
expanded	O
outward	O
through	O
rash	abstract
development	abstract
,	O
particularly	O
towards	O
the	O
west	place
,	O
as	O
its	abstract
population	abstract
grew	O
by	O
absorbing	O
job-seekers	person
from	person
the	person
provinces	person
.	O

With	O
the	abstract
onset	abstract
of	abstract
the	abstract
automobile	abstract
,	O
public	person
officials	person
reduced	O
the	abstract
city	abstract
's	abstract
public	abstract
transportation	abstract
services	abstract
without	O
foreseeing	O
the	event
traffic	event
gridlock	event
and	event
smog	event
that	event
would	event
menace	event
the	event
city	event
by	event
the	event
1980s	event
.	O

By	O
the	time
late	time
1980s	time
and	O
early	time
1990s	time
,	O
the	event
city	event
's	event
reality	event
led	O
to	O
a	event
rude	event
awakening	event
among	event
local	event
and	event
national	event
officials	event
and	O
,	O
coupled	O
with	O
the	abstract
country	abstract
's	abstract
new	abstract
found	abstract
remarkable	abstract
prosperity	abstract
,	O
large	abstract
scale	abstract
projects	abstract
began	O
to	O
slowly	O
regenerate	O
the	place
city	place
and	O
undo	O
some	abstract
of	abstract
the	abstract
damages	abstract
of	abstract
recent	abstract
decades	abstract
.	O

Over	O
the	abstract
course	abstract
of	abstract
the	abstract
next	abstract
15	abstract
years	abstract
,	O
money	object
was	O
poured	O
into	O
new	abstract
transportation	abstract
infrastructure	abstract
projects	abstract
,	O
the	abstract
restoration	abstract
of	abstract
surviving	abstract
neoclassical	abstract
buildings	abstract
,	O
the	abstract
gentrification	abstract
of	abstract
the	abstract
city	abstract
's	abstract
historical	abstract
center	abstract
and	O
the	abstract
renovation	abstract
of	abstract
many	abstract
former	abstract
industrial	abstract
areas	abstract
and	abstract
the	abstract
city	abstract
's	abstract
coastline	abstract
.	O

The	abstract
restoration	abstract
of	abstract
charming	abstract
neoclassical	abstract
buildings	abstract
in	abstract
the	abstract
city	abstract
's	abstract
historical	abstract
center	abstract
has	O
been	O
accompanied	O
by	O
the	place
construction	place
of	place
attractive	place
post-modern	place
buildings	place
in	place
newer	place
districts	place
;	O
both	abstract
of	abstract
which	abstract
have	O
begun	O
to	O
improve	O
the	abstract
aesthetic	abstract
essence	abstract
of	abstract
the	abstract
city	abstract
.	O

Athens	place
today	time
is	O
ever	O
evolving	O
,	O
forging	O
a	abstract
brand	abstract
new	abstract
identity	abstract
for	abstract
the	abstract
21st	abstract
century	abstract
.	O

Climate	abstract

Spring	time
and	time
late	time
autumn	time
are	O
the	time
best	time
times	time
to	O
visit	O
Athens	place
.	O

Summer	event
can	event
be	event
extremely	event
hot	event
and	event
dry	event
during	event
heatwaves	event
,	O
but	O
this	place
rarely	O
happens	O
.	O

Winter	time
is	O
definitely	O
low	event
season	event
,	O
with	O
the	time
occasional	time
rainy	time
or	time
snowy	time
day	time
,	O
but	O
also	O
an	time
ideal	time
time	time
to	O
save	O
money	object
while	O
enjoying	O
the	place
city	place
without	O
countless	person
other	person
travelers	person
and	O
tourists	person
.	O

Whilst	O
peak	time
traffic	time
hour	time
can	O
be	O
a	O
bit	O
smoggy	O
on	O
the	place
main	place
roads	place
,	O
on	O
most	time
sunny	time
days	time
the	abstract
skies	abstract
are	O
azure	O
blue	O
.	O

The	abstract
main	abstract
reason	abstract
attributed	abstract
for	abstract
the	abstract
pollution	abstract
of	abstract
Athens	abstract
is	O
because	O
the	place
city	place
is	O
enclosed	O
by	O
mountains	object
in	O
a	place
basin	place
which	O
does	O
not	O
let	O
the	substance
smog	substance
leave	O
.	O
