
Guadeloupe	place

Guadeloupe	place
,	O
known	O
as	O
Gwadloup	abstract
in	O
the	abstract
local	abstract
creole	abstract
,	O
and	O
sometimes	O
known	O
as	O
the	abstract
Butterfly	abstract
Island	abstract
(	O
French	abstract
:	O
I'ile	O
Papillon	O
)	O
on	O
account	O
of	O
the	abstract
shape	abstract
of	abstract
two	abstract
of	abstract
its	abstract
major	abstract
islands	abstract
,	O
is	O
a	place
group	place
of	place
islands	place
in	place
the	place
eastern	place
Caribbean	place
,	O
and	O
is	O
a	place
French	place
overseas	place
department	place
.	O

It	place
is	O
located	O
southeast	O
of	O
Puerto	place
Rico	place
.	O

Islands	place

Basse	place
Terre	place
:	O
green	plant
and	plant
lush	plant
vegetation	plant
,	O
mountainous	O
with	O
a	object
sulphuric	object
volcano	object
.	O

Grande	place
Terre	place
:	O
flat	O
and	O
dry	O
with	O
a	place
lot	place
of	place
beaches	place
,	O
some	place
of	place
them	place
very	O
touristic	O
.	O

Marie	place
Galante	place
:	O
the	place
biggest	place
island	place
out	place
of	place
mainland	place
Guadeloupe	place
.	O

Les	place
Saintes	place
:	O
composed	O
of	O
Terre	place
de	place
Haut	place
and	O
Terre	place
de	place
Bas	place
,	O
one	place
of	place
the	place
most	place
beautiful	place
bays	place
.	O

La	place
Désirade	place
:	O
dry	O
and	O
cliffy	O
.	O

Petite	place
Terre	place
:	O
uninhabited	O
and	O
untamed	O
.	O

Cities	place

Grande	place
Terre	place

Map	object
of	object
Guadeloupe	object

Pointe-à-Pitre	place
:	O
with	O
its	place
suburbs	place
,	O
it	place
is	O
the	place
economic	place
capital	place
of	place
Guadeloupe	place

Gosier	place
:	O
maybe	O
one	place
of	place
the	place
most	place
interesting	place
places	place
of	place
Guadeloupe	place
to	O
enjoy	O
nightlife	abstract
.	O

(	O
You	person
can	O
enter	O
most	place
nightclubs	place
with	O
proper	object
clothes	object
,	O
that	O
is	O
,	O
no	O
sneakers	object
,	O
no	O
shorts	object
)	O

St	place
François	place
if	O
you	person
go	O
at	O
the	place
eastern	place
point	place
of	place
Guadeloupe	place
,	O
you	person
will	O
reach	O
La	place
Pointe	place
des	place
Chateaux	place
,	O
a	abstract
scenery	abstract
made	O
of	O
sand	substance
and	O
rocks	object
which	O
have	O
vaguely	O
the	abstract
shape	abstract
of	abstract
a	abstract
castle	abstract
.	O

From	O
there	O
,	O
you	person
can	O
look	O
up	O
at	O
the	place
islands	place
La	place
Désirade	place
,	place
Petite	place
Terre	place
,	place
Marie	place
Galante	place
,	place
Les	place
Saintes	place
,	place
La	place
Dominique	place
but	O
also	O
have	O
a	abstract
perfect	abstract
view	abstract
of	abstract
the	abstract
islands	abstract
Grande	place
Terre	place
and	place
far	place
away	place
Basse	place
Terre	place
.	O

St	place
Anne	place
a	place
very	place
nice	place
but	place
also	place
very	place
touristy	place
city	place
and	place
beach	place
(	O
maybe	O
the	person
tourists	person
primary	O
area	O
of	O
Guadeloupe	place
)	O
.	O

L'Americano	organization
,	O
bd	place
Georges	place
Mandel	place
,	O
0590883899	O
:	O
bar	organization
/	organization
restaurant	organization
offers	O
free	event
salsa	event
courses	event
on	O
Saturdays	time
and	O
live	event
performances	event
some	time
days	time
.	O

You	person
will	O
find	O
all	organization
kind	organization
of	organization
bars	organization
.	O

You	person
can	O
try	O
Club	organization
Med	organization
,	O
0590854950	O
fax	O
:	O
0590854959	O
(	O
for	O
instance	O
,	O
others	person
resort	person
may	O
propose	O
this	abstract
formula	abstract
too	O
)	O
for	O
a	abstract
one	abstract
day	abstract
all	abstract
inclusive	abstract
(	abstract
breakfast	abstract
,	abstract
buffet	abstract
,	abstract
bars	abstract
,	abstract
drinks	abstract
,	abstract
beach	abstract
volley	abstract
,	abstract
windsurf	abstract
,	abstract
boat	abstract
,	abstract
gym	abstract
,	abstract
dance	abstract
courses	abstract
...	abstract
)	abstract
for	abstract
about	abstract
€	abstract
46	abstract
,	O
so	O
it	abstract
may	O
be	O
a	abstract
good	abstract
deal	abstract
(	O
as	O
it	abstract
costs	O
€	O
7	O
one	time
hour	time
of	time
windsurf	time
)	O
.	O

Morne	place
à	place
l'eau	place
,	O
renowned	O
for	O
its	place
amazing	place
cemetery	place
composed	O
of	O
burial	place
places	place
made	O
of	O
black	object
and	object
white	object
tiles	object
.	O

Anse	place
Bertrand	place
,	O
not	O
far	O
from	O
there	O
,	O
you	person
can	O
visit	O
La	place
pointe	place
de	place
la	place
Grande	place
Vigie	place
,	O
northern	place
point	place
of	place
mainland	place
Guadeloupe	place
.	O

You	person
can	O
also	O
go	O
to	O
Porte	place
d'Enfer	place
,	O
a	place
beautiful	place
still	place
stripe	place
of	place
sea	place
between	place
a	place
scenery	place
of	place
reefs	place
.	O

From	O
there	O
,	O
walk	O
one	quantity
hour	quantity
along	O
the	object
cliff	object
,	O
and	O
you	person
will	O
discover	O
a	object
Souffleur	object
,	O
kind	object
of	object
geyser	object
due	object
to	object
the	object
pressure	object
of	object
the	object
sea	object
.	O

Abymes	place
nothing	O
special	O
to	O
see	O
,	O
but	O
the	time
weekend	time
,	O
there	O
are	O
3	place
local	place
nightclubs	place
:	O
L'instant	place
,	place
Caraibes	place
and	place
Latin	place
Club	place
.	O

They	place
are	O
located	O
at	O
the	place
same	place
place	place
.	O

Baie-Mahault	place
:	O
the	place
industrial	place
and	place
commercial	place
zone	place
of	place
Guadeloupe	place
,	O
nothing	O
special	O
to	O
do	O
or	O
see	O
.	O

Here	O
stands	O
the	place
biggest	place
shopping	place
mall	place
of	place
the	place
island	place
.	O

Not	O
too	O
far	O
from	O
there	O
,	O
you	person
can	O
find	O
a	place
local	place
bar	place
/	place
nightclub	place
named	O
Bik	abstract
Kreyol	abstract
,	O
Beau	place
Soleil	place
,	O
0590258046	O
or	O
0590920648	O
(	O
Entrance	abstract
€	O
5	O
,	O
Drinks	substance
€	O
3	O
)	O
.	O

Local	abstract
music	abstract
(	O
ragga	abstract
,	abstract
zouk	abstract
,	abstract
rnb	abstract
)	O
and	O
local	person
customers	person
.	O

The	place
building	place
is	O
typical	O
,	O
it	place
's	O
a	place
former	place
warehouse	place
.	O

Other	place
destinations	place

Do	O
n't	O
miss	O
the	object
spectacular	object
waterfalls	object
in	object
the	object
jungle	object
of	object
Basse-Terre	object
(	O
Carbet	object
Falls	object
)	O
.	O

Some	object
are	O
within	O
5	abstract
–	abstract
10	abstract
minutes	abstract
walking	abstract
distance	abstract
from	abstract
the	abstract
nearest	abstract
parking	abstract
lot	abstract
,	O
some	object
require	O
at	time
least	time
3	time
–	time
4	time
hours	time
of	time
hiking	time
(	O
those	O
are	O
,	O
of	O
course	O
less	O
frequented	O
by	O
other	person
tourists	person
and	O
you	person
might	O
find	O
yourself	person
alone	O
at	O
a	object
spectacular	object
waterfall	object
in	object
the	object
middle	object
of	object
nowhere	object
-	O
an	abstract
amazing	abstract
experience	abstract
!	O
)	O
.	O

The	organization
local	organization
rum	organization
distilleries	organization
offer	O
tours	event
(	O
check	O
for	O
opening	time
times	time
as	O
they	time
may	O
very	O
from	O
season	time
to	O
season	time
)	O
which	O
are	O
certainly	O
worth	O
the	O
while	O
since	O
rum	abstract
production	abstract
is	O
a	O
very	O
integral	O
part	O
of	O
Guadeloupe	abstract
's	abstract
economy	abstract
.	O

And	O
sampling	O
the	substance
local	substance
rums	substance
is	O
definitely	O
worth	O
the	O
while	O
.	O

Even	O
though	O
they	event
might	O
not	O
be	O
the	O
best	O
way	O
to	O
get	O
around	O
the	place
island	place
,	O
a	event
ride	event
on	event
the	event
bus	event
is	O
still	O
an	event
experience	event
you	person
should	O
not	O
miss	O
.	O

Cheap	O
,	O
full	O
of	O
locals	person
,	O
conducted	O
by	O
fearless	person
drivers	person
,	O
you	person
can	O
enjoy	O
the	abstract
beautiful	abstract
Caribbean	abstract
panorama	abstract
to	O
the	abstract
sound	abstract
of	abstract
Guadeloupean	abstract
zouk	abstract
music	abstract
.	O
