
York	place

York	place
is	O
an	place
ancient	place
cathedral	place
city	place
with	place
a	place
history	place
that	O
dates	O
back	O
to	O
before	O
Roman	time
times	time
.	O

It	place
is	O
situated	O
in	O
Yorkshire	place
,	O
North	place
Yorkshire	place
,	O
England	place
with	O
some	place
of	place
the	place
best	place
preserved	place
historical	place
buildings	place
and	place
structures	place
in	place
Europe	place
.	O

As	O
of	O
the	event
2001	event
census	event
,	O
the	abstract
population	abstract
of	abstract
York	abstract
was	O
181,000	quantity
.	O

York	place
is	O
frequently	O
ranked	O
(	O
often	O
vying	O
with	O
Manchester	place
)	O
the	place
second	place
most	place
visited	place
city	place
in	place
England	place
after	O
London	place
.	O

York	place
Minster	place

Understand	O

York	place
was	O
known	O
as	O
Eboracum	O
by	O
the	person
Romans	person
,	O
who	O
founded	O
the	place
fortress	place
city	place
on	O
the	place
River	place
Ouse	place
in	O
the	time
year	time
71	time
.	O

York	place
was	O
home	place
first	place
to	place
the	place
Ninth	place
Legion	place
and	place
later	place
the	place
Sixth	place
.	O

York	place
quickly	O
became	O
one	place
of	place
the	place
most	place
important	place
cities	place
in	place
Roman	place
Britain	place
,	O
and	O
after	O
211	time
became	O
the	place
capital	place
of	place
the	place
province	place
Britannia	place
Inferior	place
.	O

Constantine	person
the	person
Great	person
-	O
later	O
responsible	O
for	O
making	O
Christianity	organization
the	organization
official	organization
religion	organization
of	organization
the	organization
Roman	organization
Empire	organization
-	O
was	O
first	O
proclaimed	O
Emperor	person
in	O
the	place
city	place
.	O

Captured	O
by	O
the	person
Vikings	person
866	time
,	O
the	place
city	place
quickly	O
took	O
on	O
a	abstract
new	abstract
identity	abstract
as	O
Jorvik	O
(	O
pronounced	O
"	O
Yor-vik	O
"	O
)	O
and	O
experienced	O
a	event
major	event
urban	event
revival	event
as	event
a	event
centre	event
of	event
Viking	event
trade	event
and	event
settlement	event
in	event
northern	event
England	event
.	O

The	event
Coppergate	event
excavations	event
of	event
the	event
1970s	event
revealed	O
much	O
of	O
this	time
Viking	time
past	time
.	O

York	place
is	O
a	place
fairly	place
small	place
city	place
-	O
four	time
days	time
is	O
enough	O
to	O
see	O
the	place
major	place
sights	place
although	O
York	place
is	O
a	place
city	place
that	O
reveals	O
its	abstract
charms	abstract
to	O
explorers	person
with	person
curiosity	person
and	person
patience	person
.	O

York	place
is	O
known	O
as	O
England	place
's	place
"	place
City	place
of	place
Festivals	place
"	O
as	O
there	O
are	O
regular	event
cultural	event
festivals	event
every	event
year	event
.	O

The	event
official	event
festivals	event
are	O
the	event
Viking	event
Festival	event
,	event
the	event
Festival	event
of	event
Angels	event
,	event
Early	event
Music	event
,	event
Late	event
Music	event
,	event
Horse	event
Racing	event
(	event
the	event
"	event
Ebor	event
Race	event
Meeting	event
"	event
)	event
,	event
Multicultural	event
Food	event
and	event
Arts	event
,	event
Chinese	event
New	event
Year	event
,	event
Mystery	event
Plays	event
,	event
Christmas	event
St	event
Nicholas	event
'	event
Fair	event
,	event
and	event
the	event
Food	event
and	event
Drink	event
Festival	event
.	O

It	place
's	O
a	place
romantic	place
city	place
for	place
a	place
weekend	place
break	place
.	O

York	place
is	O
full	O
of	O
magic	abstract
and	O
a	place
wonderful	place
place	place
to	O
bring	O
children	person
!	O

Get	O
in	O

Most	person
travellers	person
will	O
arrive	O
in	O
York	place
by	O
road	object
(	O
car	object
or	O
bus	object
)	O
or	O
rail	object
from	O
other	place
parts	place
of	place
the	place
UK	place
or	O
an	place
airport	place
.	O

By	O
car	object

Although	O
York	place
is	O
not	O
directly	O
on	O
any	O
of	O
the	place
main	place
north-south	place
motorways	place
,	O
the	abstract
connections	abstract
are	O
reasonably	O
good	O
.	O

From	O
the	O
south	O
,	O
the	place
quickest	place
route	place
is	O
probably	O
to	O
take	O
the	place
M1	place
northbound	O
to	O
junction	place
32	place
,	O
then	O
the	place
M18	place
eastbound	place
to	place
junction	place
2	place
,	O
the	place
A1M	place
northbound	place
to	place
junction	place
44	place
and	O
finally	O
the	abstract
A64	abstract
eastbound	abstract
to	abstract
the	abstract
York	abstract
Outer	abstract
Ring	abstract
Road	abstract
(	O
A1237	place
)	O
.	O

Alternatively	O
,	O
you	person
can	O
take	O
the	place
M1	place
all	O
the	O
way	O
to	O
the	place
A64	place
,	O
but	O
the	place
upper	place
reaches	place
of	place
the	place
M1	place
around	place
Sheffield	place
and	place
Leeds	place
can	O
get	O
very	O
congested	O
,	O
especially	O
in	O
the	time
rush	time
hours	time
.	O

From	O
the	O
west	O
,	O
the	place
A59	place
and	O
the	place
M62	place
provide	O
connections	abstract
from	abstract
Liverpool	abstract
and	abstract
Manchester	abstract
,	O
and	O
from	O
the	O
north	O
the	place
A1	place
and	O
the	place
A19	place
link	O
York	place
with	O
Tyneside	place
,	O
Northumberland	place
and	O
south-eastern	place
Scotland	place
.	O

Driving	O
into	O
the	place
city	place
centre	place
itself	place
is	O
something	O
to	O
avoid	O
.	O

Traffic	abstract
congestion	abstract
on	abstract
the	abstract
main	abstract
arterial	abstract
roads	abstract
serving	O
the	place
city	place
(	O
especially	O
the	place
A19	place
on	O
Bootham	place
and	O
the	place
Inner	place
Ring	place
Road	place
)	O
can	O
get	O
very	O
bad	O
,	O
especially	O
during	O
the	time
rush	time
hours	time
and	O
on	O
Saturday	time
mornings	time
.	O

The	event
remodelling	event
of	event
some	event
roads	event
near	event
bottleneck	event
junctions	event
to	O
accommodate	O
bicycle	place
lanes	place
has	O
made	O
traffic	event
jams	event
even	O
worse	O
still	O
in	O
recent	time
years	time
,	O
and	O
parking	event
in	event
the	event
city	event
centre	event
is	O
very	O
expensive	O
.	O

If	O
you	person
are	O
just	O
visiting	O
York	place
for	O
the	time
day	time
,	O
using	O
a	abstract
Park	abstract
and	abstract
Ride	abstract
[	O
1	O
]	O
costs	O
a	O
lot	O
less	O
than	O
trying	O
to	O
park	O
in	O
or	O
near	O
the	place
city	place
centre	place
,	O
and	O
there	O
are	O
five	place
sites	place
dotted	O
around	O
the	place
Outer	place
Ring	place
Road	place
.	O

However	O
,	O
the	object
last	object
buses	object
from	object
the	object
city	object
centre	object
leave	O
at	O
around	time
8	time
pm	time
in	O
the	time
evenings	time
and	O
you	person
are	O
not	O
allowed	O
to	O
leave	O
your	object
car	object
in	O
a	abstract
Park	abstract
and	abstract
Ride	abstract
overnight	O
.	O

Therefore	O
,	O
if	O
you	person
are	O
staying	O
overnight	O
in	O
York	place
and	O
arriving	O
by	O
car	object
,	O
make	O
sure	O
that	O
your	place
hotel	place
offers	O
parking	abstract
before	O
you	person
book	O
.	O
