
Australian	person
children	person
suffering	O
from	O
iodine	abstract
deficiency	abstract

Thursday	time
,	O
February	time
23	time
,	time
2006	time

Almost	person
half	person
of	person
all	person
Australian	person
primary	person
school	person
children	person
are	O
mild	O
to	O
moderately	O
iodine	substance
deficient	O
,	O
researchers	person
say	O
.	O

A	abstract
new	abstract
study	abstract
documenting	O
iodine	abstract
nutritional	abstract
status	abstract
in	abstract
Australian	abstract
school	abstract
children	abstract
has	O
revealed	O
many	O
are	O
not	O
getting	O
enough	O
iodine	substance
-	O
which	O
can	O
lead	O
to	O
mental	abstract
and	abstract
growth	abstract
retardation	abstract
.	O

The	person
report	person
's	person
authors	person
say	O
iodine	abstract
deficiency	abstract
is	O
"	O
the	abstract
sleeper	abstract
health	abstract
issue	abstract
in	abstract
Australia	abstract
"	O
,	O
and	O
potentially	O
a	abstract
very	abstract
serious	abstract
one	abstract
.	O

The	abstract
results	abstract
of	abstract
the	abstract
Australian	abstract
National	abstract
Iodine	abstract
Nutrition	abstract
Study	abstract
published	O
in	O
the	organization
Medical	organization
Journal	organization
of	organization
Australia	organization
this	time
week	time
,	O
revealed	O
that	O
children	person
in	person
mainland	person
Australia	person
are	O
borderline	O
iodine	substance
deficient	O
.	O

The	abstract
report	abstract
has	O
prompted	O
calls	event
for	O
all	substance
edible	substance
salt	substance
to	O
be	O
iodised	O
.	O

They	event
say	O
adding	abstract
the	abstract
mineral	abstract
to	abstract
salt	abstract
is	abstract
the	abstract
simplest	abstract
and	abstract
most	abstract
effective	abstract
method	abstract
of	abstract
preventing	abstract
iodine	abstract
deficiency	abstract
disorders	abstract
.	O

A	abstract
cross-sectional	abstract
survey	abstract
of	abstract
1709	abstract
schoolchildren	abstract
-	abstract
aged	abstract
8	abstract
–	abstract
10	abstract
years	abstract
,	abstract
from	abstract
88	abstract
schools	abstract
-	abstract
was	O
carried	O
out	O
in	O
New	place
South	place
Wales	place
,	O
Victoria	place
,	O
South	place
Australia	place
,	O
Western	place
Australia	place
and	O
Queensland	place
,	O
between	O
July	time
2003	time
and	O
December	time
2004	time
.	O

Tasmania	place
was	O
excluded	O
from	O
the	abstract
study	abstract
-	O
where	O
an	abstract
voluntary	abstract
iodine	abstract
fortification	abstract
program	abstract
using	O
iodised	substance
salt	substance
in	O
bread	substance
,	O
is	O
ongoing	O
.	O

The	person
authors	person
say	O
the	abstract
results	abstract
confirm	O
the	abstract
existence	abstract
of	abstract
inadequate	abstract
iodine	abstract
intake	abstract
in	abstract
the	abstract
Australian	abstract
population	abstract
.	O

They	person
call	O
for	O
"	O
urgent	event
implementation	event
of	event
mandatory	event
iodisation	event
of	event
all	event
edible	event
salt	event
in	event
Australia	event
.	O
"	O

Most	substance
iodine	substance
in	substance
food	substance
comes	O
from	O
seafood	substance
,	O
milk	substance
and	O
iodised	substance
salt	substance
.	O

Professor	person
Cres	person
Eastman	person
,	O
Director	person
of	person
the	person
National	person
Iodine	person
Nutrition	person
study	person
,	O
and	O
Chairman	person
of	person
the	person
Australian	person
Centre	person
for	person
Control	person
of	person
Iodine	person
Deficiency	person
Disorders	person
,	O
says	O
it	event
is	O
crucial	O
that	event
children	event
and	event
pregnant	event
women	event
in	event
particular	event
have	event
an	event
adequate	event
intake	event
of	event
iodine	event
.	O

Iodine	abstract
deficiency	abstract
can	O
lead	O
to	O
serious	abstract
health	abstract
problems	abstract
including	abstract
brain	abstract
damage	abstract
,	abstract
stunted	abstract
growth	abstract
and	abstract
deafness	abstract
.	O

Professor	person
Eastman	person
says	O
manufacturers	organization
could	O
easily	O
remedy	O
the	abstract
situation	abstract
by	O
using	abstract
iodised	abstract
salt	abstract
in	abstract
their	abstract
products	abstract
in	abstract
line	abstract
with	abstract
the	abstract
United	abstract
States	abstract
and	abstract
most	abstract
European	abstract
countries	abstract
.	O

"	O
I	person
suspect	O
they	organization
wo	O
n't	O
do	O
that	abstract
on	O
a	O
voluntary	O
basis	O
,	O
we	person
've	O
tried	O
so	O
far	O
and	O
have	O
n't	O
succeeded	O
,	O
so	O
we	person
've	O
convinced	O
the	organization
Food	organization
Standards	organization
of	organization
Australia	organization
and	organization
New	organization
Zealand	organization
|	O
that	O
all	substance
salt	substance
should	O
be	O
iodised	O
,	O
"	O
he	person
said	O
.	O

The	abstract
report	abstract
says	O
the	event
decline	event
in	event
iodine	event
intake	event
appears	O
to	O
be	O
due	O
to	O
changes	event
in	event
the	event
dairy	event
industry	event
,	O
where	O
chlorine-containing	substance
sanitisers	substance
have	O
replaced	O
iodine-containing	substance
sanitisers	substance
.	O

Iodine	substance
released	substance
from	substance
these	substance
chemicals	substance
into	substance
milk	substance
has	O
been	O
the	substance
major	substance
source	substance
of	substance
dietary	substance
iodine	substance
in	substance
Australia	substance
for	O
at	time
least	time
four	time
decades	time
,	O
but	O
is	O
now	O
declining	O
.	O

Another	abstract
contributory	abstract
factor	abstract
has	O
been	O
the	abstract
decreasing	abstract
consumption	abstract
of	abstract
iodised	abstract
salt	abstract
used	O
in	O
foods	substance
.	O

The	abstract
report	abstract
states	O
that	O
few	organization
if	organization
any	organization
food	organization
manufacturers	organization
use	O
iodised	substance
salt	substance
in	O
the	abstract
preparation	abstract
and	abstract
manufacture	abstract
of	abstract
foods	abstract
.	O

Professor	person
Eastman	person
says	O
iodine	substance
is	O
added	O
to	O
only	O
10	substance
per	substance
cent	substance
of	substance
Australian	substance
salt	substance
in	O
contravention	O
of	O
a	abstract
World	abstract
Health	abstract
Organisation	abstract
recommendation	abstract
that	abstract
all	abstract
salt	abstract
be	abstract
iodised	abstract
.	O

He	person
says	O
authorities	organization
are	O
reacting	O
slowly	O
to	O
his	event
urgent	event
calls	event
for	event
mandatory	event
iodised	event
salt	event
.	O

"	O
The	abstract
effects	abstract
of	abstract
iodine	abstract
deficiency	abstract
are	O
dependent	O
upon	O
how	O
severe	O
it	abstract
is	O
and	O
when	O
it	abstract
occurs	O
.	O

So	O
if	O
we	person
go	O
to	O
the	person
pregnant	person
woman	person
,	O
she	person
does	O
n't	O
get	O
enough	substance
iodine	substance
,	O
she	person
wo	O
n't	O
make	O
enough	substance
thyroid	substance
hormone	substance
,	O
and	O
the	person
foetus	person
wo	O
n't	O
get	O
the	quantity
amount	quantity
of	quantity
thyroid	quantity
hormone	quantity
it	person
needs	O
for	O
adequate	event
and	event
proper	event
development	event
of	event
the	event
brain	event
,	O
so	O
you	person
'll	O
then	O
see	O
consequences	abstract
being	O
loss	abstract
of	abstract
IQ	abstract
,	abstract
learning	abstract
difficulties	abstract
,	abstract
hearing	abstract
difficulties	abstract
and	abstract
other	abstract
neurological	abstract
problems	abstract
,	O
"	O
Professor	person
Eastman	person
said	O
.	O

"	O
If	O
an	person
infant	person
's	O
not	O
getting	O
enough	substance
iodine	substance
...	O
brain	event
development	event
wo	O
n't	O
be	O
completed	O
and	O
they	person
wo	O
n't	O
grow	O
normally	O
,	O
and	O
as	O
you	person
get	O
older	O
the	abstract
problem	abstract
will	O
be	O
that	abstract
you	abstract
will	abstract
develop	abstract
a	abstract
goiter	abstract
and	abstract
your	abstract
thyroid	abstract
wo	abstract
n't	abstract
function	abstract
as	abstract
well	abstract
as	abstract
it	abstract
should	abstract
,	O
so	O
that	abstract
may	O
have	O
all	abstract
sorts	abstract
of	abstract
pernicious	abstract
effects	abstract
upon	abstract
normal	abstract
function	abstract
in	abstract
life	abstract
.	O
"	O

More	person
than	person
two	person
billion	person
people	person
around	person
the	person
world	person
live	O
in	O
areas	place
prone	place
to	place
iodine	place
deficiency	place
,	O
and	O
yet	O
the	abstract
problem	abstract
is	O
easily	O
fixed	O
.	O

The	organization
World	organization
Health	organization
Organisation	organization
(	O
WHO	organization
)	O
recommends	O
that	O
every	place
country	place
should	O
iodise	O
all	substance
edible	substance
salt	substance
.	O

The	abstract
most	abstract
well	abstract
known	abstract
effects	abstract
of	abstract
IDD	abstract
are	O
visible	abstract
goiter	abstract
and	abstract
cretinism	abstract
,	O
a	abstract
condition	abstract
characterised	O
by	O
severe	abstract
brain	abstract
damage	abstract
occurring	O
in	O
very	time
early	time
life	time
.	O

WHO	organization
say	O
Iodine	abstract
deficiency	abstract
is	O
the	abstract
world	abstract
’s	abstract
most	abstract
prevalent	abstract
,	abstract
yet	abstract
easily	abstract
preventable	abstract
,	abstract
cause	abstract
of	abstract
brain	abstract
damage	abstract
.	O

Professor	person
Eastman	person
said	O
he	person
is	O
alarmed	O
by	O
what	O
they	person
found	O
.	O

"	O
Pregnant	abstract
women	abstract
in	abstract
Australia	abstract
are	abstract
getting	abstract
about	abstract
half	abstract
as	abstract
much	abstract
as	abstract
what	abstract
they	abstract
require	abstract
on	abstract
a	abstract
daily	abstract
basis	abstract
.	abstract

So	O
that	abstract
alarms	O
me	person
,	O
because	O
there	O
's	O
quite	abstract
serious	abstract
potential	abstract
for	abstract
adverse	abstract
effects	abstract
and	abstract
brain	abstract
damage	abstract
in	O
the	abstract
next	abstract
generation	abstract
of	abstract
children	abstract
born	O
in	O
this	place
country	place
,	O
"	O
he	person
said	O
.	O

"	O
If	O
Iodine	abstract
deficiency	abstract
is	O
serious	O
you	person
lose	O
15	abstract
IQ	abstract
points	abstract
,	O
on	O
average	O
.	O

There	O
should	O
n't	O
be	O
anyone	person
suffering	O
from	O
iodine	abstract
deficiency	abstract
in	O
a	place
developed	place
country	place
like	place
Australia	place
.	O
"	O

Lydia	person
Buchtmann	person
for	O
Food	organization
Standards	organization
Australia	organization
New	organization
Zealand	organization
,	O
says	O
they	organization
are	O
looking	O
at	O
mandatory	abstract
guidelines	abstract
on	abstract
iodine	abstract
by	O
the	time
end	time
of	time
the	time
year	time
.	O

She	person
says	O
the	abstract
issue	abstract
is	O
complicated	O
and	O
will	O
take	O
time	O
to	O
get	O
right	O
.	O

We	person
need	O
to	O
"	O
make	O
sure	O
there	O
's	O
sufficient	O
iodine	substance
added	O
into	O
the	abstract
food	abstract
supply	abstract
,	O
to	O
help	O
those	person
people	person
with	person
a	person
deficiency	person
.	O

But	O
at	O
the	O
other	O
end	O
of	O
the	O
scale	O
we	person
've	O
got	O
to	O
make	O
sure	O
the	person
people	person
who	O
eat	O
a	substance
lot	substance
of	substance
food	substance
-	O
we	person
all	O
know	O
the	person
teenage	person
boy	person
who	O
comes	O
home	place
from	O
school	organization
and	O
eats	O
a	object
whole	object
loaf	object
of	object
bread	object
-	O
that	O
those	person
people	person
do	O
n't	O
get	O
too	O
much	O
and	O
get	O
overdose	abstract
,	O
"	O
Ms	person
Bauchtman	person
said	O
.	O

"	O
One	abstract
of	abstract
the	abstract
reasons	abstract
that	abstract
iodine	abstract
is	abstract
going	abstract
down	abstract
is	O
because	O
people	person
are	O
taking	O
that	abstract
good	abstract
healthy	abstract
eating	abstract
message	abstract
and	O
not	O
adding	O
salt	substance
during	O
cooking	event
.	O
"	O
