
Local	organization
municipalities	organization
in	O
Italy	place
ask	O
taxes	abstract
from	O
religious	organization
schools	organization

Sunday	time
,	O
August	time
2	time
,	time
2015	time

In	O
the	time
past	time
few	time
days	time
in	O
Italy	place
,	O
several	organization
municipalities	organization
have	O
started	O
asking	O
religious	organization
schools	organization
to	O
pay	O
taxes	abstract
for	abstract
property	abstract
and	abstract
local	abstract
services	abstract
,	O
despite	O
the	abstract
resistance	abstract
of	abstract
the	abstract
Catholic	abstract
Church	abstract
.	O

Instituto	organization
Gonzaga	organization
,	O
a	organization
catholic	organization
school	organization
in	O
Milan	place
.	O
Image	object
:	O
Friedrichstrasse	organization
.	O

The	event
request	event
of	event
the	event
municipalities	event
results	O
from	O
the	abstract
sentence	abstract
of	abstract
the	abstract
Italian	abstract
Supreme	abstract
Court	abstract
of	abstract
Cassation	abstract
on	abstract
July	abstract
8	abstract
,	O
recognising	O
as	O
legitimate	O
the	event
request	event
of	event
the	event
Municipality	event
of	event
Livorno	event
asking	O
religious	organization
schools	organization
to	O
pay	O
property	abstract
taxes	abstract
.	O

Requests	event
have	O
come	O
from	O
the	organization
Municipality	organization
of	organization
Bogliasco	organization
,	O
next	O
to	O
Genova	place
,	O
and	O
from	O
the	person
deputies	person
of	person
Movimento	person
5	person
Stelle	person
(	person
M5S	person
)	person
of	person
the	person
regional	person
counsel	person
of	person
Lombardy	person
.	O

The	abstract
first	abstract
case	abstract
is	O
of	O
the	person
mayor	person
Luca	person
Pastorino	person
that	O
in	O
last	time
years	time
received	O
several	event
refusals	event
of	event
his	event
requests	event
for	event
payment	event
because	O
of	O
the	organization
religious	organization
nursery	organization
school	organization
and	O
retirement	place
home	place
.	O

In	O
the	abstract
second	abstract
case	abstract
,	O
the	organization
M5S	organization
party	organization
asks	O
to	O
the	organization
regional	organization
government	organization
to	O
assure	O
the	organization
local	organization
administrations	organization
of	organization
the	organization
region	organization
regularly	O
apply	O
the	abstract
sentence	abstract
of	abstract
the	abstract
Supreme	abstract
Court	abstract
.	O

The	abstract
case	abstract
on	O
which	O
the	organization
Court	organization
has	O
ruled	O
was	O
of	O
the	organization
religious	organization
schools	organization
Santo	organization
Spirito	organization
and	organization
Immacolata	organization
in	O
Livorno	place
,	place
Tuscany	place
,	O
to	O
pay	O
over	O
422,000	quantity
euros	quantity
in	O
arrears	O
for	O
the	time
period	time
from	time
2004	time
to	time
2009	time
.	O

The	event
request	event
was	O
advanced	O
by	O
the	organization
Municipality	organization
of	organization
Livorno	organization
in	O
2010	time
.	O

The	place
city	place
reasoned	O
,	O
"	O
because	O
the	person
users	person
of	person
the	person
private	person
schools	person
pay	O
a	abstract
frequency	abstract
fee	abstract
,	O
this	event
kind	event
of	event
activity	event
is	O
considered	O
as	O
a	event
commercial	event
one	event
"	O
(	O
(	O
it	O
)	O
)	O
.	O

In	O
2014	time
the	abstract
Italian	abstract
municipal	abstract
tax	abstract
discipline	abstract
has	O
changed	O
from	O
the	abstract
ICI	abstract
system	abstract
to	O
the	abstract
IMU	abstract
system	abstract
by	O
the	organization
Monti	organization
government	organization
.	O

A	abstract
mean	abstract
cost	abstract
per	abstract
student	abstract
criterion	abstract
is	O
used	O
to	O
tax	O
only	O
the	organization
schools	organization
that	O
receive	O
a	abstract
fee	abstract
higher	abstract
than	abstract
the	abstract
mean	abstract
cost	abstract
per	abstract
student	abstract
fixed	O
by	O
the	place
State	place
.	O

The	abstract
new	abstract
law	abstract
is	O
not	O
retroactive	O
,	O
so	O
the	abstract
taxes	abstract
requested	abstract
in	abstract
arrears	abstract
from	abstract
2006	abstract
to	abstract
2009	abstract
are	O
under	O
the	abstract
ICI	abstract
system	abstract
.	O

Minister	person
of	person
Education	person
Stefania	person
Giannini	person
said	O
a	event
"	event
more	event
general	event
reflection	event
"	event
(	O
(	O
it	O
)	O
)	O
is	O
needed	O
.	O

Claudio	person
De	person
Vincenti	person
,	O
undersecretary	person
to	person
the	person
prime	person
minister	person
,	O
said	O
"	O
a	abstract
discussion	abstract
table	abstract
will	O
be	O
opened	O
with	O
the	abstract
non-profit	abstract
associations	abstract
,	O
religious	abstract
association	abstract
included	O
"	O
(	O
(	O
it	O
)	O
)	O
.	O

Undersecretary	person
for	person
Education	person
Mr.	person
Toccafondi	person
says	O
"	O
many	organization
schools	organization
will	O
increase	O
their	abstract
fees	abstract
or	O
they	organization
will	O
quit	O
.	O
Then	O
the	place
State	place
will	O
have	O
to	O
find	O
new	abstract
resources	abstract
to	O
build	O
new	abstract
structures	abstract
and	O
manage	O
them	organization
"	O
(	O
(	O
it	O
)	O
)	O
.	O

Also	O
the	person
president	person
of	person
the	person
Lombardy	person
region	person
,	O
Roberto	person
Maroni	person
,	O
has	O
reacted	O
by	O
proposing	O
some	object
regional	object
counter-measures	object
to	O
finance	O
private	organization
schools	organization
.	O

The	person
secretary	person
general	person
of	person
CEI	person
(	O
Italian	organization
Episcopal	organization
Conference	organization
)	O
,	O
Nunzio	person
Galantino	person
,	O
has	O
called	O
the	abstract
sentence	abstract
"	O
dangerous	O
"	O
(	O
(	O
it	O
)	O
)	O
and	O
"	O
ideological	O
"	O
(	O
(	O
it	O
)	O
)	O
:	O

"	O
We	person
face	O
a	abstract
dangerous	abstract
sentence	abstract
.	O

Who	person
takes	event
the	event
decisions	event
,	O
do	O
it	event
with	O
less	abstract
ideology	abstract
.	O

Because	O
I	person
have	O
the	abstract
clear	abstract
sensation	abstract
that	O
with	O
this	abstract
way	abstract
of	abstract
thinking	abstract
,	O
they	person
wait	O
the	abstract
praise	abstract
of	abstract
some	abstract
ideologized	abstract
supporters	abstract
.	O

Indeed	O
,	O
they	person
do	O
n't	O
understand	O
what	abstract
kind	abstract
of	abstract
good	abstract
service	abstract
private	organization
schools	organization
held	O
"	O
(	O
(	O
it	O
)	O
)	O
.	O

Italian	abstract
secularist	abstract
associations	abstract
are	O
concerned	O
the	organization
Government	organization
will	O
modify	O
the	abstract
law	abstract
in	O
order	O
to	O
maintain	O
an	abstract
exception	abstract
for	abstract
religious	abstract
schools	abstract
.	O

The	organization
secularist	organization
magazine	organization
MicroMega	organization
describe	O
the	abstract
court	abstract
's	abstract
judgement	abstract
as	O
historic	O
.	O

The	organization
Union	organization
of	organization
Rationalist	organization
Atheists	organization
and	organization
Agnostics	organization
(	O
UAAR	organization
)	O
has	O
launched	O
a	abstract
petition	abstract
which	O
now	O
has	O
more	object
than	object
11,000	object
signatures	object
,	O
asking	O
the	organization
government	organization
to	O
respect	O
and	O
execute	O
the	abstract
sentence	abstract
of	abstract
the	abstract
Supreme	abstract
Court	abstract
.	O
