
How	O
to	O
Cope	O
With	O
a	event
Double	event
Parachute	event
Failure	event

While	O
skydiving	event
,	O
it	O
is	O
possible	O
(	O
yet	O
extremely	O
unlikely	O
)	O
that	O
both	object
your	object
primary	object
and	object
reserve	object
parachutes	object
will	O
malfunction	O
,	O
leaving	O
you	person
with	O
no	O
method	abstract
of	abstract
reducing	abstract
your	abstract
velocity	abstract
.	O

In	O
the	event
vast	event
majority	event
of	event
cases	event
,	O
this	abstract
will	O
not	O
occur	O
;	O

nevertheless	O
,	O
in	O
this	event
event	event
these	abstract
coping	abstract
strategies	abstract
may	O
assist	O
.	O

Steps	abstract

Remain	O
calm	O
.	O

This	abstract
may	O
seem	O
obvious	O
,	O
but	O
deep	abstract
,	abstract
even	abstract
breathing	abstract
(	abstract
despite	abstract
the	abstract
rushing	abstract
slipstream	abstract
)	abstract
and	abstract
controlling	abstract
your	abstract
heart-rate	abstract
are	abstract
essential	abstract
to	abstract
your	abstract
continued	abstract
survival	abstract
.	O

Entreat	O
assistance	abstract
.	O

If	O
both	object
your	object
primary	object
and	object
reserve	object
chutes	object
have	O
malfunctioned	O
,	O
signal	O
immediately	O
to	O
a	person
fellow	person
jumper	person
who	O
has	O
not	O
yet	O
deployed	O
their	object
chute	object
,	O
waving	O
your	object
arms	object
and	O
signalling	O
that	O
your	object
own	object
is	O
not	O
functional	O
.	O

If	O
this	event
is	O
a	event
solo	event
jump	event
,	O
then	O
skip	O
to	O
step	abstract
6	abstract
.	O

Prepare	O
for	O
deployment	event
.	O

After	O
linking	O
arms	object
with	O
your	person
fellow	person
jumper	person
,	O
you	person
will	O
need	O
to	O
hook	O
your	abstract
arms	abstract
through	O
their	object
chest	object
strap	object
,	O
or	O
through	O
both	object
sides	object
of	object
the	object
front	object
of	object
their	object
harness	object
,	O
as	O
far	O
as	O
you	person
can	O
,	O
then	O
grab	O
onto	O
your	object
own	object
strap	object
.	O

Deploy	O
.	O

The	abstract
shock	abstract
of	abstract
the	abstract
chute	abstract
deployment	abstract
will	O
be	O
intense	O
.	O

The	event
G-forces	event
will	event
multiply	event
your	event
body	event
weight	event
,	event
making	event
it	event
impossible	event
to	event
hold	event
on	event
;	event

this	event
is	O
why	O
hooking	O
your	object
arms	object
through	O
the	object
harness	object
is	O
essential	O
.	O

It	O
is	O
likely	O
that	O
the	abstract
shock	abstract
will	O
dislocate	O
or	O
break	O
both	object
your	object
arms	object
;	O

nevertheless	O
this	abstract
is	O
a	abstract
small	abstract
price	abstract
to	abstract
pay	abstract
for	abstract
your	abstract
life	abstract
.	O

Prepare	O
for	O
impact	event
.	O

If	O
your	object
companion	object
's	object
canopy	object
has	O
successfully	O
opened	O
,	O
then	O
both	abstract
your	abstract
chances	abstract
of	abstract
survival	abstract
have	O
dramatically	O
increased	O
.	O

With	O
a	object
large	object
and	object
slow	object
canopy	object
,	O
your	abstract
chances	abstract
are	O
even	O
better	O
.	O

The	object
canopy	object
must	O
be	O
steered	O
away	O
from	O
power	object
lines	object
and	O
similar	object
obstructions	object
;	O

try	O
for	O
a	object
large	object
body	object
of	object
water	object
if	O
you	person
are	O
confident	O
your	person
companion	person
can	O
save	O
you	person
from	O
drowning	O
.	O

Alternative	abstract
:	O
Lack	abstract
of	abstract
companions	abstract

If	O
this	event
is	O
a	event
solo	event
jump	event
,	O
which	O
constitutes	O
the	abstract
minority	abstract
of	abstract
skydivers	abstract
,	O
your	abstract
only	abstract
recourse	abstract
is	O
to	O
ensure	O
that	O
at	event
least	event
one	event
of	event
your	event
own	event
chutes	event
opens	event
.	O

In	O
this	abstract
case	abstract
,	O
the	abstract
excellent	abstract
advice	abstract
offered	O
by	O
your	person
instructors	person
on	O
assisting	O
chute	event
opening	event
may	O
be	O
of	O
assistance	abstract
to	abstract
you	abstract
.	O

If	O
it	O
becomes	O
apparent	O
that	O
you	person
cannot	O
open	O
either	object
of	object
your	object
two	object
parachutes	object
,	O
or	O
that	O
for	O
some	abstract
other	abstract
reason	abstract
they	object
are	O
fatally	O
non-functional	O
,	O
then	O
the	abstract
following	abstract
steps	abstract
may	O
be	O
of	O
some	abstract
minor	abstract
assistance	abstract
.	O

Appeal	O
.	O

If	O
you	person
are	O
of	O
a	abstract
religious	abstract
turn	abstract
of	abstract
mind	abstract
,	O
you	person
may	O
wish	O
at	O
this	event
point	event
to	O
offer	O
a	abstract
prayer	abstract
to	O
a	abstract
god	abstract
,	abstract
goddess	abstract
,	abstract
protective	abstract
spirit	abstract
or	abstract
guardian	abstract
angel	abstract
.	O

St	person
Jude	person
,	O
the	person
patron	person
saint	person
of	person
Lost	person
Causes	person
,	O
comes	O
to	O
mind	O
.	O

Objectively	O
,	O
this	abstract
is	O
not	O
likely	O
to	O
help	O
very	O
much	O
;	O
but	O
it	abstract
may	O
improve	O
your	abstract
emotional	abstract
state	abstract
.	O

If	O
you	person
do	O
not	O
have	O
any	abstract
religious	abstract
beliefs	abstract
,	O
or	O
are	O
for	O
another	abstract
reason	abstract
unwilling	O
to	O
appeal	O
to	O
your	abstract
patron	abstract
deity	abstract
,	O
skip	O
this	abstract
step	abstract
.	O

Contemplate	O
.	O

As	O
you	person
approach	O
the	place
Earth	place
at	O
,	O
or	O
close	O
to	O
,	O
terminal	abstract
velocity	abstract
,	O
you	person
may	O
wish	O
to	O
contemplate	O
your	abstract
past	abstract
existence	abstract
,	O
and	O
the	abstract
possibility	abstract
of	abstract
a	abstract
future	abstract
afterlife	abstract
.	O

A	abstract
strategy	abstract
that	O
might	O
prove	O
helpful	O
is	O
to	O
consider	O
how	O
fortunate	O
you	person
are	O
that	O
life	abstract
has	O
been	O
good	O
to	O
you	person
so	O
far	O
.	O

Alternatively	O
,	O
if	O
life	event
has	event
not	event
been	event
good	event
to	event
you	event
so	event
far	event
,	O
(	O
and	O
considering	O
your	abstract
current	abstract
situation	abstract
this	event
seems	O
more	O
likely	O
)	O
consider	O
how	O
lucky	O
you	person
are	O
that	O
it	abstract
will	O
not	O
be	O
troubling	O
you	person
much	O
longer	O
.	O

Expect	O
impact	event
.	O

You	person
are	O
unlikely	O
to	O
have	O
the	time
time	time
or	O
ability	abstract
to	O
aim	O
for	O
a	place
soft	place
landing-spot	place
,	O
body	object
of	object
water	object
,	O
or	O
other	place
impact	place
site	place
that	O
might	O
improve	O
your	abstract
chances	abstract
of	abstract
survival	abstract
.	O

There	O
is	O
a	abstract
minuscule	abstract
chance	abstract
that	O
your	event
impact	event
will	event
result	event
in	event
non-life-threatening	event
injuries	event
;	O

if	O
this	event
seems	O
incredibly	O
far-fetched	O
,	O
comfort	O
yourself	person
that	O
double	abstract
chute	abstract
failure	abstract
in	O
modern	time
times	time
is	O
also	O
extremely	O
unlikely	O
,	O
and	O
that	O
you	person
have	O
already	O
beaten	O
worse	abstract
odds	abstract
.	O

Tips	abstract

Your	object
reserve	object
chute	object
should	O
have	O
been	O
packed	O
by	O
a	person
certified	person
rigger	person
and	O
is	O
moderately	O
less	O
likely	O
to	O
fail	O
;	O

therefore	O
,	O
it	event
may	O
be	O
helpful	O
to	event
focus	event
your	event
efforts	event
on	event
opening	event
your	event
reserve	event
parachute	event
.	O

Some	person
humans	person
who	O
have	O
,	O
for	O
various	abstract
reasons	abstract
,	O
become	O
aware	O
of	O
their	event
impending	event
death	event
,	O
develop	O
psychological	abstract
coping	abstract
strategies	abstract
to	O
deal	O
with	O
this	event
;	O

for	O
instance	O
,	O
the	abstract
Kubler-Ross	abstract
phases	abstract
of	abstract
grief	abstract
.	O

Since	O
your	event
own	event
death	event
approaches	O
far	O
more	O
quickly	O
,	O
this	event
is	O
unlikely	O
to	O
be	O
of	O
any	O
use	O
to	O
you	person
.	O

Warnings	abstract

Water	abstract
landings	abstract
:	O
if	O
you	person
have	O
successfully	O
attached	O
to	O
a	person
companion	person
whose	abstract
chute	abstract
opens	O
,	O
keep	O
in	O
mind	O
that	O
both	object
your	object
arms	object
may	O
be	O
broken	O
or	O
dislocated	O
,	O
and	O
you	person
may	O
be	O
unable	O
to	O
swim	O
or	O
tread	O
water	substance
before	O
your	object
chute	object
fills	O
and	O
drags	O
you	person
under	O
.	O

If	O
,	O
after	O
total	event
chute	event
failure	event
,	O
you	person
land	O
on	O
something	object
soft	object
,	O
it	O
is	O
possible	O
that	O
instead	O
of	O
being	O
killed	O
outright	O
,	O
you	person
may	O
be	O
permanently	O
paralyzed	O
due	O
to	O
spinal	event
injury	event
.	O
